Time,Actual,Predicted
6132.0,221.10529631179875,220.5566
6133.0,220.6426457197412,220.29013
6134.0,221.72216376787543,220.57217
6135.0,221.4908384718467,220.46556
6136.0,219.67328257447784,218.93016
6137.0,219.8825768899324,218.53183
6138.0,220.3121810111287,218.08472
6139.0,215.74075254198883,215.28006
6140.0,212.9318025187825,213.22177
6141.0,204.7252622549049,207.04115
6142.0,199.6581367228464,201.04489
6143.0,199.2946255433725,198.918
6144.0,199.0522847570568,196.63014
6145.0,198.8319749513151,196.58984
6146.0,198.7108045581572,196.3614
6147.0,199.26157907251127,196.51855
6148.0,201.18928987275103,196.99371
6149.0,211.9404083929449,204.76855
6150.0,219.17758551155907,213.65218
6151.0,222.6034029908421,219.79166
6152.0,223.2312859372059,221.01472
6153.0,223.9362773155793,221.68149
6154.0,224.03541672816303,221.11893
6155.0,223.8261224127085,220.86516
6156.0,223.5727661361055,220.5566
6157.0,223.2863633886413,220.29013
6158.0,224.31080398534016,220.57217
6159.0,223.8591688835697,220.46556
6160.0,220.5435063071575,218.93016
6161.0,220.94006395749247,218.53183
6162.0,222.09669043763628,218.08472
6163.0,218.26329981773108,215.28006
6164.0,215.5424737168213,213.22177
6165.0,207.6443671809822,207.04115
6166.0,202.1476375277273,201.04489
6167.0,197.56519356830043,198.918
6168.0,197.1686359179654,195.99423
6169.0,197.46605415571665,195.89064
6170.0,197.2677753305492,195.34618
6171.0,198.1379990632288,195.3037
6172.0,199.4598578976789,194.9633
6173.0,209.19755131146104,200.72092
6174.0,214.6281880229934,208.11899
6175.0,215.89496940600804,212.44661
6176.0,218.39548570117609,213.48021
6177.0,219.22164747270736,214.12457
6178.0,217.62440138108025,213.37819
6179.0,216.8863635318456,212.68051
6180.0,214.9035752801705,211.85191
6181.0,214.09944448921337,210.96555
6182.0,214.25366135323253,210.67276
6183.0,214.73834292586423,210.03523
6184.0,211.6319746649065,208.97052
6185.0,209.1314583697385,208.92397
6186.0,209.450907588064,208.98871
6187.0,208.18412620504927,208.51631
6188.0,206.8842983511734,208.19583
6189.0,201.16725889217687,203.42245
6190.0,197.04746552480748,198.52782
6191.0,195.4612349234674,196.5118
6192.0,194.7892900159553,195.99423
6193.0,194.60202668107485,195.89064
6194.0,194.20546903073983,195.34618
6195.0,194.6350731519361,195.3037
6196.0,195.3841264914577,194.9633
6197.0,200.131802805191,200.72092
6198.0,205.0447114732304,208.11899
6199.0,207.41304188495343,212.44661
6200.0,209.847465238399,213.48021
6201.0,210.28808484988235,214.12457
6202.0,208.98825699600644,213.37819
6203.0,208.8781020931356,212.68051
6204.0,209.58309347150896,211.85191
6205.0,209.38481464634148,210.96555
6206.0,209.0763809183031,210.67276
6207.0,207.53421227811137,210.03523
6208.0,205.8488422641875,208.97052
6209.0,206.6639885454317,208.92397
6210.0,209.0543499377289,208.98871
6211.0,209.0323189571548,208.51631
6212.0,207.9307699284464,208.19583
6213.0,201.7731108579665,203.42245
6214.0,197.19066689853955,198.52782
6215.0,195.85779257380244,196.5118
6216.0,195.2409251177257,196.63014
6217.0,195.04264629255823,196.58984
6218.0,194.9875688411228,196.3614
6219.0,195.53834335547697,196.51855
6220.0,198.93111436389884,196.99371
6221.0,208.8670866028485,204.76855
6222.0,216.0381707797401,213.65218
6223.0,220.34522748198995,219.79166
6224.0,221.65607082615293,221.01472
6225.0,221.8873961221817,221.68149
6226.0,221.4688074912725,221.11893
6227.0,221.2484976855308,220.86516
6228.0,220.6426457197412,220.5566
6229.0,220.58756826830577,220.29013
6230.0,220.94006395749247,220.57217
6231.0,220.5214753265833,220.46556
6232.0,218.10908295371192,218.93016
6233.0,218.39548570117609,218.53183
6234.0,219.0784460989753,218.08472
6235.0,214.2316303726584,215.28006
6236.0,211.36760289801657,213.22177
6237.0,203.97620891538324,207.04115
6238.0,198.9972073056213,201.04489
6239.0,197.22371336940083,198.918
6240.0,197.27879082083624,196.63014
6241.0,197.2677753305492,196.58984
6242.0,196.94832611222373,196.3614
6243.0,197.53214709743915,196.51855
6244.0,199.6250902519851,196.99371
6245.0,209.7593413161023,204.76855
6246.0,217.2168282404581,213.65218
6247.0,220.75280062261209,219.79166
6248.0,222.28395377251672,221.01472
6249.0,222.8126973062968,221.68149
6250.0,222.1297369084976,221.11893
6251.0,221.4798229815596,220.86516
6252.0,220.4333514042866,220.5566
6253.0,220.1139021859612,220.29013
6254.0,220.87397101577,220.57217
6255.0,220.4443668945737,220.46556
6256.0,216.89737902213267,218.93016
6257.0,216.17035666318515,218.53183
6258.0,216.1373101923239,218.08472
6259.0,214.25366135323253,215.28006
6260.0,211.4997887814616,213.22177
6261.0,204.6701848034695,207.04115
6262.0,199.87844652858809,201.04489
6263.0,195.97896296696035,198.918
6264.0,195.3951419817449,196.63014
6265.0,195.49428139432865,196.58984
6266.0,195.29600256916115,196.3614
6267.0,195.7476376709316,196.51855
6268.0,197.93972023806128,196.99371
6269.0,207.4020263946664,204.76855
6270.0,213.5486699748592,213.65218
6271.0,216.8202705901231,219.79166
6272.0,218.3293927594536,221.01472
6273.0,218.81407433208528,221.68149
6274.0,218.5607180554824,221.11893
6275.0,218.4065011914632,220.86516
6276.0,217.4371380461997,220.5566
6277.0,216.6880847066781,220.29013
6278.0,217.77861824509927,220.57217
6279.0,218.4175166817503,220.46556
6280.0,214.92560626074464,218.93016
6281.0,214.20959939208424,218.53183
6282.0,215.4102878333764,218.08472
6283.0,212.5462603587345,215.28006
6284.0,209.53903151036064,213.22177
6285.0,202.1806839985886,207.04115
6286.0,197.62027101973584,201.04489
6287.0,198.30323141753507,198.918
6288.0,198.08292161179327,196.63014
6289.0,198.0498751409321,196.58984
6290.0,197.7965188643292,196.3614
6291.0,198.30323141753507,196.51855
6292.0,200.70460830011933,196.99371
6293.0,210.8829213253849,204.76855
6294.0,217.8336956965348,213.65218
6295.0,220.47741336543496,219.79166
6296.0,221.31459062725327,221.01472
6297.0,221.7662257290238,221.68149
6298.0,221.38068356897583,221.11893
6299.0,220.8849865060571,220.86516
6300.0,220.65366121002828,220.5566
6301.0,220.01476277337744,220.29013
6302.0,221.1934202340954,220.57217
6303.0,220.9180329769183,220.46556
6304.0,219.18860100184617,218.93016
6305.0,219.7063290453391,218.53183
6306.0,220.77483160318624,218.08472
6307.0,215.77379901285013,215.28006
6308.0,212.5572758490216,213.22177
6309.0,204.58206088117288,207.04115
6310.0,199.93352398002344,201.04489
6311.0,199.5039198588272,198.918
6312.0,199.1404086793534,196.63014
6313.0,198.9751763250472,196.58984
6314.0,198.9972073056213,196.3614
6315.0,199.5589973102626,196.51855
6316.0,201.6519404648085,196.99371
6317.0,212.6564152616054,204.76855
6318.0,219.8164839482099,213.65218
6319.0,222.9008212285934,219.79166
6320.0,223.37448731093804,221.01472
6321.0,223.7820604515601,221.68149
6322.0,223.77104496127308,221.11893
6323.0,223.6168280972539,220.86516
6324.0,223.3304253497897,220.5566
6325.0,222.8898057383064,220.29013
6326.0,223.7049520195505,220.57217
6327.0,223.4075337817993,220.46556
6328.0,220.1579641471095,218.93016
6329.0,220.8849865060571,218.53183
6330.0,222.3941086753876,218.08472
6331.0,218.09806746342483,215.28006
6332.0,215.05779214418968,213.22177
6333.0,207.3249179626568,207.04115
6334.0,202.1806839985886,201.04489
6335.0,197.87362729633875,198.918
6336.0,197.4219921945684,195.99423
6337.0,197.7965188643292,195.89064
6338.0,197.70839494203253,195.34618
6339.0,198.4684637718413,195.3037
6340.0,200.16484927605225,194.9633
6341.0,210.02371308299232,200.72092
6342.0,215.70770607112763,208.11899
6343.0,216.5889452940944,212.44661
6344.0,218.96829119610445,213.48021
6345.0,219.5080502201716,214.12457
6346.0,217.76760275481232,213.37819
6347.0,217.0075339250036,212.68051
6348.0,214.52904861040963,211.85191
6349.0,213.1961742856725,210.96555
6350.0,213.51562350399792,210.67276
6351.0,213.9342121349071,210.03523
6352.0,210.90495230595903,208.97052
6353.0,208.9552105251452,208.92397
6354.0,209.715279354954,208.98871
6355.0,207.6994446324176,208.51631
6356.0,206.2013379533742,208.19583
6357.0,200.5834379069614,203.42245
6358.0,196.72801630648203,198.52782
6359.0,195.3070180594482,196.5118
6360.0,194.613042171362,195.99423
6361.0,194.5579647199265,195.89064
6362.0,194.34867040447187,195.34618
6363.0,194.7231970742328,195.3037
6364.0,195.97896296696035,194.9633
6365.0,201.0791349698802,200.72092
6366.0,205.74970285160376,208.11899
6367.0,207.62233620040809,212.44661
6368.0,210.14488347615023,213.48021
6369.0,210.4092552430403,214.12457
6370.0,209.0763809183031,213.37819
6371.0,208.82302464170016,212.68051
6372.0,209.4839540589252,211.85191
6373.0,208.96622601543228,210.96555
6374.0,208.5586528748101,210.67276
6375.0,207.0274997249055,210.03523
6376.0,205.47431559442663,208.97052
6377.0,206.6419575648576,208.92397
6378.0,209.30770621433183,208.98871
6379.0,208.72388522911643,208.51631
6380.0,207.3249179626568,208.19583
6381.0,201.3324912464831,203.42245
6382.0,197.22371336940083,198.52782
6383.0,195.94591649609907,196.5118
6384.0,195.29600256916112,196.63014
6385.0,195.21889413715152,196.58984
6386.0,195.3290490400224,196.3614
6387.0,195.83576159322823,196.51855
6388.0,199.40478044624345,196.99371
6389.0,209.58309347150896,204.76855
6390.0,216.6880847066781,213.65218
6391.0,220.75280062261209,219.79166
6392.0,222.03059749591367,221.01472
6393.0,221.8873961221817,221.68149
6394.0,221.41373003983708,221.11893
6395.0,221.13834278266003,220.86516
6396.0,220.2350725791191,220.5566
6397.0,220.0367937539516,220.29013
6398.0,220.32319650141585,220.57217
6399.0,219.93765434136785,220.46556
6400.0,217.5362774587836,218.93016
6401.0,218.42853217203736,218.53183
6402.0,219.4199262978749,218.08472
6403.0,213.8791346834717,215.28006
6404.0,210.8719058350977,213.22177
6405.0,203.73386812906745,207.04115
6406.0,199.0522847570568,201.04489
6407.0,197.3118372916975,198.918
6408.0,197.3008218014104,196.63014
6409.0,197.4770696460037,196.58984
6410.0,197.36691474313287,196.3614
6411.0,197.9176892574871,196.51855
6412.0,200.12078731490385,196.99371
6413.0,210.4312862236144,204.76855
6414.0,217.9108041285444,213.65218
6415.0,221.1934202340954,219.79166
6416.0,222.66949593256464,221.01472
6417.0,222.93386769945468,221.68149
6418.0,222.04161298620087,221.11893
6419.0,221.28154415639207,220.86516
6420.0,220.05882473452576,220.5566
6421.0,219.6622670841908,220.29013
6422.0,220.2130415985449,220.57217
6423.0,219.78343747734863,220.46556
6424.0,216.280511566056,218.93016
6425.0,216.1152792117497,218.53183
6426.0,216.36863548835265,218.08472
6427.0,214.05538252806505,215.28006
6428.0,211.0040917185428,213.22177
6429.0,204.3617510754312,207.04115
6430.0,199.90047750916224,201.04489
6431.0,195.96794747667323,198.918
6432.0,195.35108002059656,196.63014
6433.0,195.61545178748656,196.58984
6434.0,195.5934208069124,196.3614
6435.0,196.0120094378216,196.51855
6436.0,198.30323141753507,196.99371
6437.0,207.99686287016888,204.76855
6438.0,214.16553743093587,213.65218
6439.0,217.2168282404581,219.79166
6440.0,218.637826487492,221.01472
6441.0,218.8691517835207,221.68149
6442.0,218.4615786428986,221.11893
6443.0,218.24126883715687,220.86516
6444.0,217.1176888278744,220.5566
6445.0,216.3025425466301,220.29013
6446.0,217.28292118218064,220.57217
6447.0,218.09806746342483,220.46556
6448.0,214.573110571558,218.93016
6449.0,214.2646768435196,218.53183
6450.0,215.68567509055345,218.08472
6451.0,212.24884212098328,215.28006
6452.0,209.1424738600256,213.22177
6453.0,201.78412634825355,207.04115
6454.0,197.52113160715209,201.04489
6455.0,198.3252623981092,198.918
6456.0,198.1049525923676,196.63014
6457.0,198.22612298552545,196.58984
6458.0,198.0498751409321,196.3614
6459.0,198.58963416499924,196.51855
6460.0,201.11218144074144,196.99371
6461.0,211.4667423106003,204.76855
6462.0,218.49462511375987,213.65218
6463.0,220.9070174866312,219.79166
6464.0,221.50185396213377,221.01472
6465.0,221.65607082615293,221.68149
6466.0,221.1934202340954,221.11893
6467.0,220.7197541517508,220.86516
6468.0,220.3342119917029,220.5566
6469.0,219.5741431618941,220.29013
6470.0,220.7087386614637,220.57217
6471.0,220.4003049334254,220.46556
6472.0,218.75899688064985,218.93016
6473.0,219.7614064967745,218.53183
6474.0,221.17138925352123,218.08472
6475.0,215.57552018768263,215.28006
6476.0,212.11665623753828,213.22177
6477.0,204.33972009485703,207.04115
6478.0,200.02164790232013,201.04489
6479.0,199.51493534911427,198.918
6480.0,199.1404086793534,196.63014
6481.0,199.0522847570568,196.58984
6482.0,199.20650162107592,196.3614
6483.0,199.8013380965785,196.51855
6484.0,201.96037419284687,196.99371
6485.0,213.262267227395,204.76855
6486.0,220.5104598362962,213.65218
6487.0,223.3083943692156,219.79166
6488.0,223.58378162639264,221.01472
6489.0,223.73799849041183,221.68149
6490.0,223.638859077828,221.11893
6491.0,223.41854927208635,220.86516
6492.0,223.12113103433512,220.5566
6493.0,222.5593410296938,220.29013
6494.0,223.22027044691885,220.57217
6495.0,222.9889451508901,220.46556
6496.0,219.8164839482099,218.93016
6497.0,221.0171723895021,218.53183
6498.0,222.6805114228517,218.08472
6499.0,217.81166471596063,215.28006
6500.0,214.5620950812709,213.22177
6501.0,206.97242227347007,207.04115
6502.0,202.10357556657905,201.04489
6503.0,198.01682867007088,198.918
6504.0,197.55417807801336,195.99423
6505.0,198.01682867007088,195.89064
6506.0,197.9727667089225,195.34618
6507.0,198.61166514557337,195.3037
6508.0,200.71562379040645,194.9633
6509.0,210.75073544193987,200.72092
6510.0,216.8423015706973,208.11899
6511.0,217.49221549763524,212.44661
6512.0,219.56312767160696,213.48021
6513.0,219.8825768899324,214.12457
6514.0,218.05400550227648,213.37819
6515.0,217.15073529873564,212.68051
6516.0,214.16553743093587,211.85191
6517.0,212.347981533567,210.96555
6518.0,212.7886011450504,210.67276
6519.0,213.0309419313662,210.03523
6520.0,210.2109764178728,208.97052
6521.0,208.9441950348581,208.92397
6522.0,210.0347285732794,208.98871
6523.0,207.20374756949883,208.51631
6524.0,205.5844704972976,208.19583
6525.0,199.999616921746,203.42245
6526.0,196.40856708815664,198.52782
6527.0,195.0867082537065,196.5118
6528.0,194.4698407976298,195.99423
6529.0,194.5689802102136,195.89064
6530.0,194.50288726849112,195.34618
6531.0,194.8443674673907,195.3037
6532.0,196.49669101045328,194.9633
6533.0,202.00443615399524,200.72092
6534.0,206.6419575648576,208.11899
6535.0,207.87569247701097,212.44661
6536.0,210.35417779160483,213.48021
6537.0,210.5744875973465,214.12457
6538.0,209.24161327260936,213.37819
6539.0,208.72388522911643,212.68051
6540.0,209.2966907240448,211.85191
6541.0,208.52560640394893,210.96555
6542.0,208.10701777303973,210.67276
6543.0,206.5428181522738,210.03523
6544.0,205.15486637610124,208.97052
6545.0,206.70805050658004,208.92397
6546.0,209.4398920977769,208.98871
6547.0,208.3163120884944,208.51631
6548.0,206.80718991916385,208.19583
6549.0,200.90288712528684,203.42245
6550.0,197.1355894471041,198.52782
6551.0,195.85779257380244,196.5118
6552.0,195.2519406080128,196.63014
6553.0,195.3070180594482,196.58984
6554.0,195.5493588457641,196.3614
6555.0,196.05607139896992,196.51855
6556.0,199.68016770342047,196.99371
6557.0,210.12285249557607,204.76855
6558.0,217.3820605947644,213.65218
6559.0,221.23748219524376,219.79166
6560.0,222.36106220452632,221.01472
6561.0,221.94247357361712,221.68149
6562.0,221.38068356897583,221.11893
6563.0,221.006156899215,220.86516
6564.0,220.01476277337744,220.5566
6565.0,219.6842980647649,220.29013
6566.0,219.86054590935828,220.57217
6567.0,219.4860192395974,220.46556
6568.0,217.1617507890227,218.93016
6569.0,218.6708729583532,218.53183
6570.0,219.72836002591328,218.08472
6571.0,213.5046080137108,215.28006
6572.0,210.3872242624661,213.22177
6573.0,203.4034034204549,207.04115
6574.0,198.95314534447297,201.04489
6575.0,197.19066689853955,198.918
6576.0,197.17965140825248,196.63014
6577.0,197.5872245488746,196.58984
6578.0,197.6092555294488,196.3614
6579.0,198.1379990632288,196.51855
6580.0,200.36312810121973,196.99371
6581.0,210.9269832865332,204.76855
6582.0,218.6157955069177,213.65218
6583.0,221.6781018067271,219.79166
6584.0,222.97792966060305,221.01472
6585.0,223.05503809261265,221.68149
6586.0,221.98653553476544,221.11893
6587.0,221.11631180208585,220.86516
6588.0,219.8495304190712,220.5566
6589.0,219.4089108075878,220.29013
6590.0,219.7724219870616,220.57217
6591.0,219.33180237557823,220.46556
6592.0,215.91700038658223,218.93016
6593.0,216.33558901749143,218.53183
6594.0,216.6330072552427,218.08472
6595.0,213.77999527088792,215.28006
6596.0,210.5524566167724,213.22177
6597.0,203.9872244056704,207.04115
6598.0,199.77930711600428,201.04489
6599.0,195.7806841417928,198.918
6600.0,195.21889413715152,196.63014
6601.0,195.64849825834784,196.58984
6602.0,195.75865316121863,196.3614
6603.0,196.18825728241487,196.51855
6604.0,198.4684637718413,196.99371
6605.0,208.4595134622264,204.76855
6606.0,214.8264668481609,213.65218
6607.0,217.69049432280275,219.79166
6608.0,218.92422923495613,221.01472
6609.0,218.94626021553032,221.68149
6610.0,218.42853217203736,221.11893
6611.0,218.10908295371192,220.86516
6612.0,216.97448745414223,220.5566
6613.0,216.09324823117555,220.29013
6614.0,216.94144098328104,220.57217
6615.0,217.78963373538647,220.46556
6616.0,214.3638162561034,218.93016
6617.0,214.55107959098385,218.53183
6618.0,215.9610623477305,218.08472
6619.0,211.90736192208368,215.28006
6620.0,208.75693169997768,213.22177
6621.0,201.3875686979185,207.04115
6622.0,197.35589925284583,201.04489
6623.0,198.11596808265463,198.918
6624.0,197.93972023806128,196.63014
6625.0,198.24815396609964,196.58984
6626.0,198.14901455351583,196.3614
6627.0,198.7328355387313,196.51855
6628.0,201.2553828144736,196.99371
6629.0,211.8963464317966,204.76855
6630.0,219.19961649213323,213.65218
6631.0,221.45779200098545,219.79166
6632.0,221.72216376787543,221.01472
6633.0,221.6891172970142,221.68149
6634.0,221.13834278266003,221.11893
6635.0,220.62061473916705,220.86516
6636.0,220.20202610825788,220.5566
6637.0,219.38687982701367,220.29013
6638.0,220.4003049334254,220.57217
6639.0,220.0367937539516,220.46556
6640.0,218.5276715846211,218.93016
6641.0,220.12491767624823,218.53183
6642.0,221.4908384718467,218.08472
6643.0,215.30013293050555,215.28006
6644.0,211.69806760662908,213.22177
6645.0,203.9982398959574,207.04115
6646.0,199.90047750916224,201.04489
6647.0,199.2946255433725,198.918
6648.0,198.9641608347601,196.63014
6649.0,199.01923828619547,196.58984
6650.0,199.2836100530855,196.3614
6651.0,199.90047750916224,196.51855
6652.0,202.0374826248565,196.99371
6653.0,213.6808558583042,204.76855
6654.0,221.2044357243825,213.65218
6655.0,223.7820604515601,219.79166
6656.0,223.8371379029956,221.01472
6657.0,223.760029470986,221.68149
6658.0,223.5947971166797,221.11893
6659.0,223.31940985950263,220.86516
6660.0,223.01097613146425,220.5566
6661.0,222.4271551462488,220.29013
6662.0,222.9228522091676,220.57217
6663.0,222.6805114228517,220.46556
6664.0,219.67328257447784,218.93016
6665.0,221.4137300398371,218.53183
6666.0,222.95589868002887,218.08472
6667.0,217.49221549763524,215.28006
6668.0,214.16553743093587,213.22177
6669.0,206.564849132848,207.04115
6670.0,201.90529674141152,201.04489
6671.0,197.88464278662585,198.918
6672.0,197.4550386654296,195.99423
6673.0,198.07190612150623,195.89064
6674.0,198.03885965064504,195.34618
6675.0,198.6336961261476,195.3037
6676.0,200.97999555729643,194.9633
6677.0,211.24643250485863,200.72092
6678.0,217.88877314797023,208.11899
6679.0,218.38447021088905,212.44661
6680.0,220.1028866956741,213.48021
6681.0,220.27913454026745,214.12457
6682.0,218.3183772691665,213.37819
6683.0,217.28292118218064,212.68051
6684.0,213.9342121349071,211.85191
6685.0,211.77517603863868,210.96555
6686.0,212.1497027083995,210.67276
6687.0,212.27087310155744,210.03523
6688.0,209.7483258258152,208.97052
6689.0,209.1314583697385,208.92397
6690.0,210.31011583045648,208.98871
6691.0,206.8842983511734,208.51631
6692.0,205.17689735667545,208.19583
6693.0,199.57001280054968,203.42245
6694.0,196.11114885040536,198.52782
6695.0,194.7231970742328,196.5118
6696.0,194.23851550160109,195.99423
6697.0,194.52491824906525,195.89064
6698.0,194.52491824906525,195.34618
6699.0,194.8443674673907,195.3037
6700.0,196.75004728705625,194.9633
6701.0,202.6873965517944,200.72092
6702.0,207.49015031696305,208.11899
6703.0,208.14006424390087,212.44661
6704.0,210.51941014591108,213.48021
6705.0,210.7837819128011,214.12457
6706.0,209.42887660748977,213.37819
6707.0,208.668807777681,212.68051
6708.0,209.08739640859017,211.85191
6709.0,208.2612346370589,210.96555
6710.0,207.87569247701097,210.67276
6711.0,206.2784463853838,210.03523
6712.0,205.0116650023691,208.97052
6713.0,206.9063293317476,208.92397
6714.0,209.53903151036064,208.98871
6715.0,208.04092483131723,208.51631
6716.0,206.42164775911587,208.19583
6717.0,200.5834379069614,203.42245
6718.0,196.97035709279788,198.52782
6719.0,195.56037433605115,196.5118
6720.0,194.99858433140983,196.63014
6721.0,195.2409251177257,196.58984
6722.0,195.56037433605115,196.3614
6723.0,196.10013336011824,196.51855
6724.0,199.8013380965785,196.99371
6725.0,210.4643326944757,204.76855
6726.0,218.0099435411282,213.65218
6727.0,221.6781018067272,219.79166
6728.0,222.581372010268,221.01472
6729.0,221.98653553476544,221.68149
6730.0,221.3586525884017,221.11893
6731.0,220.94006395749247,220.86516
6732.0,219.90460787050665,220.5566
6733.0,219.5741431618941,220.29013
6734.0,219.6071896327553,220.57217
6735.0,219.25469394356867,220.46556
6736.0,217.20581275017105,218.93016
6737.0,219.2106319824203,218.53183
6738.0,219.99273179280328,218.08472
6739.0,213.21820526624663,215.28006
6740.0,210.0016821024182,213.22177
6741.0,203.01786126040696,207.04115
6742.0,198.7438510290184,201.04489
6743.0,196.8822331705012,198.918
6744.0,196.87121768021413,196.63014
6745.0,197.4880851362909,196.58984
6746.0,197.62027101973584,196.3614
6747.0,198.1269835729417,196.51855
6748.0,200.4071900623681,196.99371
6749.0,211.2354170145716,204.76855
6750.0,219.25469394356867,213.65218
6751.0,222.1297369084976,219.79166
6752.0,223.16519299548344,221.01472
6753.0,223.07706907318675,221.68149
6754.0,221.9204425930429,221.11893
6755.0,220.9731104283537,220.86516
6756.0,219.80546845792284,220.5566
6757.0,219.3538333561524,220.29013
6758.0,219.5851586521812,220.57217
6759.0,219.12250806012364,220.46556
6760.0,215.97207783801767,218.93016
6761.0,216.8753480415585,218.53183
6762.0,216.89737902213267,218.08472
6763.0,213.5376544845721,215.28006
6764.0,210.2109764178728,213.22177
6765.0,203.62371322619657,207.04115
6766.0,199.54798181997552,201.04489
6767.0,195.406157472032,198.918
6768.0,194.93249138968736,196.63014
6769.0,195.53834335547697,196.58984
6770.0,195.7366221806445,196.3614
6771.0,196.18825728241487,196.51855
6772.0,198.43541730098005,196.99371
6773.0,208.76794719026475,204.76855
6774.0,215.4433343042376,213.65218
6775.0,218.16416040514736,219.79166
6776.0,219.1555545309849,221.01472
6777.0,219.02336864753988,221.68149
6778.0,218.4175166817503,221.11893
6779.0,218.03197452170235,220.86516
6780.0,216.94144098328104,220.5566
6781.0,216.10426372146264,220.29013
6782.0,216.7762086289748,220.57217
6783.0,217.6023704005061,220.46556
6784.0,214.4960021395484,218.93016
6785.0,215.1238850859121,218.53183
6786.0,216.18137215347224,218.08472
6787.0,211.6319746649065,215.28006
6788.0,208.4595134622264,213.22177
6789.0,201.01304202815768,207.04115
6790.0,197.1355894471041,201.04489
6791.0,197.6973794517454,198.918
6792.0,197.62027101973584,196.63014
6793.0,198.07190612150623,196.58984
6794.0,198.07190612150623,196.3614
6795.0,198.69978906787009,196.51855
6796.0,201.2003053630381,196.99371
6797.0,212.1497027083995,204.76855
6798.0,219.80546845792284,213.65218
6799.0,221.93145808333009,219.79166
6800.0,221.8873961221817,221.01472
6801.0,221.7441947484496,221.68149
6802.0,221.16037376323416,221.11893
6803.0,220.5545217974445,220.86516
6804.0,220.1689796373966,220.5566
6805.0,219.44195727844908,220.29013
6806.0,220.2350725791191,220.57217
6807.0,219.86054590935828,220.46556
6808.0,218.68188844864025,218.93016
6809.0,220.741785132325,218.53183
6810.0,221.72216376787543,218.08472
6811.0,215.07982312476383,215.28006
6812.0,211.4006493688778,213.22177
6813.0,203.62371322619657,207.04115
6814.0,199.64712123255924,201.04489
6815.0,198.8760369124634,198.918
6816.0,198.64471161643468,196.63014
6817.0,198.8650214221764,196.58984
6818.0,199.18447064050176,196.3614
6819.0,199.8343845674397,196.51855
6820.0,201.9493587025598,196.99371
6821.0,213.8681191931846,204.76855
6822.0,221.788256709598,213.65218
6823.0,224.2226800630435,219.79166
6824.0,224.0133857475889,221.01472
6825.0,223.8151069224214,221.68149
6826.0,223.6058126069668,221.11893
6827.0,223.2643324080672,220.86516
6828.0,222.9999606411772,220.5566
6829.0,222.449186126823,220.29013
6830.0,222.8126973062968,220.57217
6831.0,222.5483255394068,220.46556
6832.0,219.8935923802195,218.93016
6833.0,222.0416129862009,218.53183
6834.0,223.1541775051964,218.08472
6835.0,217.2939366724677,215.28006
6836.0,213.8901501737588,213.22177
6837.0,206.1352450116517,207.04115
6838.0,201.6299094842344,201.04489
6839.0,197.52113160715209,198.918
6840.0,197.12457395681704,195.99423
6841.0,197.90667376720003,195.89064
6842.0,197.90667376720003,195.34618
6843.0,198.5345567135638,195.3037
6844.0,200.9910110475835,194.9633
6845.0,211.4116648591649,200.72092
6846.0,218.68188844864025,208.11899
6847.0,219.034384137827,212.44661
6848.0,220.4553823848608,213.48021
6849.0,220.4994443460091,214.12457
6850.0,218.42853217203736,213.37819
6851.0,217.32698314332896,212.68051
6852.0,213.84608821261045,211.85191
6853.0,211.56588172318408,210.96555
6854.0,211.72009858720324,210.67276
6855.0,211.8632999609353,210.03523
6856.0,209.715279354954,208.97052
6857.0,209.5170005297865,208.92397
6858.0,210.48636367504983,208.98871
6859.0,206.7851589385897,208.51631
6860.0,205.02268049265624,208.19583
6861.0,199.30564103365964,203.42245
6862.0,195.934901005812,198.52782
6863.0,194.2495309918881,196.5118
6864.0,193.8860198124144,195.99423
6865.0,194.3376549141848,195.89064
6866.0,194.34867040447187,195.34618
6867.0,194.5689802102136,195.3037
6868.0,196.62887689389828,194.9633
6869.0,202.9077063575361,200.72092
6870.0,207.9858473798818,208.11899
6871.0,208.2942811079201,212.44661
6872.0,210.51941014591108,213.48021
6873.0,210.9159677962461,214.12457
6874.0,209.72629484524109,213.37819
6875.0,208.7349007194035,212.68051
6876.0,208.9772415057193,211.85191
6877.0,208.25021914677183,210.96555
6878.0,207.94178541873347,210.67276
6879.0,206.35555481739337,210.03523
6880.0,205.2209593178237,208.97052
6881.0,207.29187149179552,208.92397
6882.0,209.62715543265728,208.98871
6883.0,207.9638163993077,208.51631
6884.0,206.300477365958,208.19583
6885.0,200.48429849437767,203.42245
6886.0,196.7941092482045,198.52782
6887.0,195.0867082537065,196.5118
6888.0,194.6681196227973,196.63014
6889.0,195.04264629255823,196.58984
6890.0,195.36209551088365,196.3614
6891.0,195.97896296696035,196.51855
6892.0,199.79032260629137,196.99371
6893.0,210.508394655624,204.76855
6894.0,218.38447021088905,213.65218
6895.0,221.92044259304296,219.79166
6896.0,222.5703565199809,221.01472
6897.0,221.93145808333009,221.68149
6898.0,221.30357513696623,221.11893
6899.0,220.8629555254829,220.86516
6900.0,219.93765434136785,220.5566
6901.0,219.6622670841908,220.29013
6902.0,219.56312767160696,220.57217
6903.0,219.3538333561524,220.46556
6904.0,217.8447111868219,218.93016
6905.0,220.0478092442387,218.53183
6906.0,220.2571035596933,218.08472
6907.0,213.09703487308872,215.28006
6908.0,209.7703568063894,213.22177
6909.0,202.6543500809332,207.04115
6910.0,198.50151024270247,201.04489
6911.0,196.44161355901784,198.918
6912.0,196.47466002987912,196.63014
6913.0,197.21269787911373,196.58984
6914.0,197.36691474313287,196.3614
6915.0,197.96175121863547,196.51855
6916.0,200.3410971206456,196.99371
6917.0,211.3345564271553,204.76855
6918.0,219.6622670841908,213.65218
6919.0,222.38309318510048,219.79166
6920.0,223.1541775051964,221.01472
6921.0,222.95589868002887,221.68149
6922.0,221.77724121931087,221.11893
6923.0,220.82990905462165,220.86516
6924.0,219.8385149287841,220.5566
6925.0,219.38687982701367,220.29013
6926.0,219.5741431618941,220.57217
6927.0,219.25469394356867,220.46556
6928.0,216.6219917649556,218.93016
6929.0,217.7015098130898,218.53183
6930.0,217.194797259884,218.08472
6931.0,213.4825770331367,215.28006
6932.0,210.0677750441407,213.22177
6933.0,203.2932485175841,207.04115
6934.0,199.3166565239468,201.04489
6935.0,194.99858433140983,198.918
6936.0,194.624057661649,196.63014
6937.0,195.29600256916115,196.58984
6938.0,195.5273278651899,196.3614
6939.0,196.04505590868283,196.51855
6940.0,198.3472933786834,196.99371
6941.0,208.8781020931356,204.76855
6942.0,215.8729384254339,213.65218
6943.0,218.4615786428986,219.79166
6944.0,219.2436784532816,221.01472
6945.0,219.02336864753988,221.68149
6946.0,218.3624392303149,221.11893
6947.0,217.93283510911857,220.86516
6948.0,216.9744874541423,220.5566
6949.0,216.23644960490765,220.29013
6950.0,216.7431621581136,220.57217
6951.0,217.61338589079315,220.46556
6952.0,215.04677665390253,218.93016
6953.0,215.91700038658223,218.53183
6954.0,216.31355803691724,218.08472
6955.0,211.51080427174867,215.28006
6956.0,208.22818816619767,213.22177
6957.0,200.71562379040645,207.04115
6958.0,196.9262951316496,201.04489
6959.0,197.23472885968792,198.918
6960.0,197.23472885968792,196.63014
6961.0,197.7855033740421,196.58984
6962.0,197.8405808254776,196.3614
6963.0,198.51252573298964,196.51855
6964.0,201.06811947959312,196.99371
6965.0,212.1607181986866,204.76855
6966.0,220.1910106179708,213.65218
6967.0,222.19582985022004,219.79166
6968.0,221.8984116124688,221.01472
6969.0,221.6891172970142,221.68149
6970.0,221.17138925352123,221.11893
6971.0,220.5324908168704,220.86516
6972.0,220.1689796373966,220.5566
6973.0,219.6071896327553,220.29013
6974.0,220.20202610825788,220.57217
6975.0,219.98171630251625,220.46556
6976.0,219.3428178658653,218.93016
6977.0,221.60099337471752,218.53183
6978.0,221.92044259304296,218.08472
6979.0,215.04677665390253,215.28006
6980.0,211.2354170145716,213.22177
6981.0,203.2712175370099,207.04115
6982.0,199.3717339753822,201.04489
6983.0,198.4794792621284,198.918
6984.0,198.2812004369609,196.63014
6985.0,198.64471161643468,196.58984
6986.0,198.95314534447297,196.3614
6987.0,199.6361057422721,196.51855
6988.0,201.8281883094019,196.99371
6989.0,213.8791346834717,204.76855
6990.0,222.11872141821047,213.65218
6991.0,224.4429898687852,219.79166
6992.0,224.024401237876,221.01472
6993.0,223.7490139806989,221.68149
6994.0,223.6058126069668,221.11893
6995.0,223.2312859372059,220.86516
6996.0,223.03300711203843,220.5566
6997.0,222.5483255394068,220.29013
6998.0,222.8126973062968,220.57217
6999.0,222.6254339714164,220.46556
7000.0,220.5435063071575,218.93016
7001.0,222.8237127965838,218.53183
7002.0,223.3083943692155,218.08472
7003.0,217.3049521627548,215.28006
7004.0,213.7249178194525,213.22177
7005.0,205.7607183418908,207.04115
7006.0,201.34350673677017,201.04489
7007.0,197.01441905394623,198.918
7008.0,196.72801630648203,195.99423
7009.0,197.64230200031,195.89064
7010.0,197.6533174905971,195.34618
7011.0,198.3252623981092,195.3037
7012.0,200.8147632029901,194.9633
7013.0,211.2574479951457,200.72092
7014.0,219.1335235504108,208.11899
7015.0,219.3538333561524,212.44661
7016.0,220.47741336543496,213.48021
7017.0,220.4003049334254,214.12457
7018.0,218.35142374002777,213.37819
7019.0,217.17276627930977,212.68051
7020.0,213.75796429031377,211.85191
7021.0,211.5989281940453,210.96555
7022.0,211.54385074260992,210.67276
7023.0,211.96243937351912,210.03523
7024.0,210.34316230131776,208.97052
7025.0,210.1999609275857,208.92397
7026.0,210.51941014591108,208.98871
7027.0,206.99445325404423,208.51631
7028.0,205.0557269635175,208.19583
7029.0,199.22853260165007,203.42245
7030.0,195.8688080640895,198.52782
7031.0,193.7428184386823,196.5118
7032.0,193.5225086329406,195.99423
7033.0,193.94109726384977,195.89064
7034.0,194.08429863758192,195.34618
7035.0,194.20546903073983,195.3037
7036.0,196.3534896367212,194.9633
7037.0,202.7975514546653,200.72092
7038.0,208.06295581189136,208.11899
7039.0,208.3273275787814,212.44661
7040.0,210.42027073332736,213.48021
7041.0,210.96002975739447,214.12457
7042.0,209.94660465098275,213.37819
7043.0,208.8670866028485,212.68051
7044.0,208.9441950348581,211.85191
7045.0,208.41545150107805,210.96555
7046.0,208.14006424390087,210.67276
7047.0,206.6199265842834,210.03523
7048.0,205.68360990988128,208.97052
7049.0,207.75452208385303,208.92397
7050.0,209.6932483743798,208.98871
7051.0,208.04092483131723,208.51631
7052.0,206.2674308950967,208.19583
7053.0,200.55039143610017,203.42245
7054.0,196.6839543453337,198.52782
7055.0,194.6460886422232,196.5118
7056.0,194.359685894759,196.63014
7057.0,194.8223364868165,196.58984
7058.0,195.07569276341945,196.3614
7059.0,195.7806841417928,196.51855
7060.0,199.7572761354301,196.99371
7061.0,210.3872242624661,204.76855
7062.0,218.4836096234728,213.65218
7063.0,221.8984116124688,219.79166
7064.0,222.3941086753876,221.01472
7065.0,221.7552102387367,221.68149
7066.0,221.17138925352123,221.11893
7067.0,220.8078780740475,220.86516
7068.0,220.0367937539516,220.5566
7069.0,219.8164839482099,220.29013
7070.0,219.67328257447784,220.57217
7071.0,219.695313555052,220.46556
7072.0,218.81407433208528,218.93016
7073.0,220.87397101577,218.53183
7074.0,220.4553823848608,218.08472
7075.0,213.1741433050983,215.28006
7076.0,209.6381709229444,213.22177
7077.0,202.4340402751915,207.04115
7078.0,198.3252623981092,201.04489
7079.0,196.0781023795441,198.918
7080.0,196.15521081155367,196.63014
7081.0,196.90426415107527,196.58984
7082.0,197.0254345442333,196.3614
7083.0,197.69737945174543,196.51855
7084.0,200.27500417892304,196.99371
7085.0,211.27947897571988,204.76855
7086.0,219.8164839482099,213.65218
7087.0,222.3941086753876,219.79166
7088.0,222.9999606411772,221.01472
7089.0,222.6584804422776,221.68149
7090.0,221.5569314135692,221.11893
7091.0,220.6756921906025,220.86516
7092.0,219.8495304190712,220.5566
7093.0,219.45297276873617,220.29013
7094.0,219.6402361036166,220.57217
7095.0,219.57414316189403,220.46556
7096.0,217.59135491021897,218.93016
7097.0,218.54970256519528,218.53183
7098.0,217.4812000073481,218.08472
7099.0,213.57070095543327,215.28006
7100.0,210.0347285732794,213.22177
7101.0,203.0729387118424,207.04115
7102.0,199.12939318906635,201.04489
7103.0,194.6681196227973,198.918
7104.0,194.3707013850461,196.63014
7105.0,195.0646772731324,196.58984
7106.0,195.2629560982999,196.3614
7107.0,195.85779257380244,196.51855
7108.0,198.2701849466738,196.99371
7109.0,208.83404013198725,204.76855
7110.0,216.10426372146264,213.65218
7111.0,218.58274903605653,219.79166
7112.0,219.2436784532816,221.01472
7113.0,218.94626021553032,221.68149
7114.0,218.2963462885924,221.11893
7115.0,217.8557266771089,220.86516
7116.0,216.9634719638552,220.5566
7117.0,216.36863548835265,220.29013
7118.0,216.80925509983604,220.57217
7119.0,217.78963373538647,220.46556
7120.0,215.7958299934243,218.93016
7121.0,216.64402274552967,218.53183
7122.0,216.33558901749143,218.08472
7123.0,211.51080427174867,215.28006
7124.0,208.0519403216043,213.22177
7125.0,200.55039143610017,207.04115
7126.0,196.87121768021413,201.04489
7127.0,196.8602021899271,198.918
7128.0,196.93731062193663,196.63014
7129.0,197.52113160715209,196.58984
7130.0,197.5762090585875,196.3614
7131.0,198.29221592724795,196.51855
7132.0,200.96898006700937,196.99371
7133.0,212.0505632958157,204.76855
7134.0,220.30116552084164,213.65218
7135.0,222.25090730165547,219.79166
7136.0,221.79927219988505,221.01472
7137.0,221.5128694524209,221.68149
7138.0,221.11631180208585,221.11893
7139.0,220.47741336543496,220.86516
7140.0,220.14694865682245,220.5566
7141.0,219.7503910064874,220.29013
7142.0,220.24608806940617,220.57217
7143.0,220.2901500305545,220.46556
7144.0,220.20202610825788,218.93016
7145.0,222.3830931851005,218.53183
7146.0,222.0085665153396,218.08472
7147.0,215.1679470470605,215.28006
7148.0,211.158308582562,213.22177
7149.0,203.0509077312682,207.04115
7150.0,199.22853260165007,201.04489
7151.0,198.1930765146642,198.918
7152.0,198.08292161179327,196.63014
7153.0,198.4574482815542,196.58984
7154.0,198.7438510290184,196.3614
7155.0,199.4268114268176,196.51855
7156.0,201.8061573288277,196.99371
7157.0,213.7689797806009,204.76855
7158.0,222.1737988696459,213.65218
7159.0,224.45400535907223,219.79166
7160.0,223.9472928058664,221.01472
7161.0,223.6058126069668,221.68149
7162.0,223.5287041749572,221.11893
7163.0,223.16519299548344,220.86516
7164.0,223.01097613146425,220.5566
7165.0,222.581372010268,220.29013
7166.0,222.83472828687093,220.57217
7167.0,222.80168181600968,220.46556
7168.0,221.3586525884017,218.93016
7169.0,223.51768868467013,218.53183
7170.0,223.3414408400768,218.08472
7171.0,217.44815353648687,215.28006
7172.0,213.6037474262946,213.22177
7173.0,205.4853310847137,207.04115
7174.0,201.1452279116027,201.04489
7175.0,196.62887689389828,198.918
7176.0,196.3865361075825,195.99423
7177.0,197.35589925284583,195.89064
7178.0,197.35589925284583,195.34618
7179.0,198.08292161179327,195.3037
7180.0,200.6054688875356,194.9633
7181.0,210.9269832865332,200.72092
7182.0,219.2106319824203,208.11899
7183.0,219.3538333561524,212.44661
7184.0,220.24608806940617,213.48021
7185.0,220.06984022481288,214.12457
7186.0,218.1311139342861,213.37819
7187.0,216.89737902213267,212.68051
7188.0,213.63679389715583,211.85191
7189.0,211.69806760662908,210.96555
7190.0,211.55486623289696,210.67276
7191.0,212.4140744752895,210.03523
7192.0,211.30150995629407,208.97052
7193.0,210.9159677962461,208.92397
7194.0,210.4753481847628,208.98871
7195.0,207.3028869820826,208.51631
7196.0,205.1879128469625,208.19583
7197.0,199.2836100530855,203.42245
7198.0,195.8908390446637,198.52782
7199.0,193.36829176892144,196.5118
7200.0,193.22509039518937,195.99423
7201.0,193.44540020093103,195.89064
7202.0,193.3572762786344,195.34618
7203.0,193.3572762786344,195.3037
7204.0,193.4674311815052,194.9633
7205.0,195.7366221806445,200.72092
7206.0,202.0815445860048,208.11899
7207.0,207.3689799238051,212.44661
7208.0,208.0519403216043,213.48021
7209.0,209.96863563155688,214.12457
7210.0,210.772766422514,213.37819
7211.0,210.244022888734,212.68051
7212.0,209.31872170461887,211.85191
7213.0,209.16450484059976,210.96555
7214.0,208.9992724862936,210.67276
7215.0,208.77896268055187,210.03523
7216.0,207.6663981615564,208.97052
7217.0,207.357964433518,208.92397
7218.0,208.9552105251452,208.98871
7219.0,209.7373103355281,208.51631
7220.0,208.2171726759105,208.19583
7221.0,206.300477365958,203.42245
7222.0,200.8588251641385,198.52782
7223.0,196.75004728705625,196.5118
7224.0,194.0071902055724,196.63014
7225.0,193.9851592249981,196.58984
7226.0,194.4367943267686,196.3614
7227.0,194.45882530734275,196.51855
7228.0,195.406157472032,196.99371
7229.0,199.8343845674397,204.76855
7230.0,209.74832582581524,213.65218
7231.0,218.0650209925636,219.79166
7232.0,221.25951317581791,221.01472
7233.0,221.7331792581625,221.68149
7234.0,221.11631180208585,221.11893
7235.0,220.741785132325,220.86516
7236.0,220.65366121002828,220.5566
7237.0,220.1139021859612,220.29013
7238.0,220.06984022481288,220.57217
7239.0,219.93765434136785,220.46556
7240.0,220.84092454490872,218.93016
7241.0,221.5569314135692,218.53183
7242.0,222.4712171073972,218.08472
7243.0,220.7858470934733,215.28006
7244.0,213.55968546514623,213.22177
7245.0,209.5170005297865,207.04115
7246.0,202.2467769403111,201.04489
7247.0,198.29221592724795,198.918
7248.0,195.57138982633825,196.63014
7249.0,195.7366221806445,196.58984
7250.0,196.36450512700827,196.3614
7251.0,196.3094276755729,196.51855
7252.0,197.15762042767832,196.99371
7253.0,200.29703515949723,204.76855
7254.0,210.9930762282557,213.65218
7255.0,219.6402361036166,219.79166
7256.0,221.90942710275587,221.01472
7257.0,222.28395377251672,221.68149
7258.0,221.64505533586583,221.11893
7259.0,220.9180329769183,220.86516
7260.0,220.2681190499804,220.5566
7261.0,219.7063290453391,220.29013
7262.0,219.33180237557823,220.57217
7263.0,219.78343747734863,220.46556
7264.0,220.6646767003153,218.93016
7265.0,220.2130415985449,218.53183
7266.0,220.20202610825788,218.08472
7267.0,218.03197452170235,215.28006
7268.0,214.044367037778,213.22177
7269.0,210.07879053442767,207.04115
7270.0,202.885675376962,201.04489
7271.0,199.0412692667697,198.918
7272.0,194.2164845210269,196.63014
7273.0,194.17242255987856,196.58984
7274.0,194.6901506033715,196.3614
7275.0,194.70116609365863,196.51855
7276.0,195.49428139432865,196.99371
7277.0,198.4684637718413,204.76855
7278.0,208.657792287394,213.65218
7279.0,216.26949607576893,219.79166
7280.0,218.47259413318568,221.01472
7281.0,219.1335235504108,221.68149
7282.0,218.5937645263436,221.11893
7283.0,217.9768970702669,220.86516
7284.0,217.58033941993187,220.5566
7285.0,216.78722411926185,220.29013
7286.0,216.43472843007515,220.57217
7287.0,216.8423015706973,220.46556
7288.0,218.4725941331857,218.93016
7289.0,217.76760275481232,218.53183
7290.0,217.8997886382573,218.08472
7291.0,216.280511566056,215.28006
7292.0,211.6650211357678,213.22177
7293.0,207.6663981615564,207.04115
7294.0,200.5173449652389,201.04489
7295.0,197.1025429762429,198.918
7296.0,196.4856755201662,196.63014
7297.0,196.67293885504665,196.58984
7298.0,197.1025429762429,196.3614
7299.0,197.11355846653,196.51855
7300.0,197.9287047477742,196.99371
7301.0,201.01304202815768,204.76855
7302.0,211.56588172318408,213.65218
7303.0,219.99273179280328,219.79166
7304.0,221.8763806318946,221.01472
7305.0,221.51286945242083,221.68149
7306.0,220.8849865060571,221.11893
7307.0,220.8849865060571,220.86516
7308.0,220.34522748198995,220.5566
7309.0,219.8164839482099,220.29013
7310.0,219.695313555052,220.57217
7311.0,220.34522748198995,220.46556
7312.0,221.270528666105,218.93016
7313.0,222.40512416567464,218.53183
7314.0,223.7490139806989,218.08472
7315.0,222.0856749473492,215.28006
7316.0,215.7297370517018,213.22177
7317.0,211.1252621117007,207.04115
7318.0,202.89669086724905,201.04489
7319.0,199.2505635822243,198.918
7320.0,198.09393710208045,196.63014
7321.0,198.0498751409321,196.58984
7322.0,198.3362778883963,196.3614
7323.0,198.4684637718413,196.51855
7324.0,199.217517111363,196.99371
7325.0,202.12560654715315,204.76855
7326.0,213.4054686011271,213.65218
7327.0,221.7662257290238,219.79166
7328.0,223.92526182529224,221.01472
7329.0,223.7049520195505,221.68149
7330.0,223.05503809261265,221.11893
7331.0,223.19823946634472,220.86516
7332.0,222.9448831897417,220.5566
7333.0,222.6805114228517,220.29013
7334.0,222.35004671423923,220.57217
7335.0,222.70254240342592,220.46556
7336.0,223.4075337817993,218.93016
7337.0,223.25331691778013,218.53183
7338.0,224.59720673280435,218.08472
7339.0,223.2863633886413,215.28006
7340.0,218.03197452170235,213.22177
7341.0,213.37242213026585,207.04115
7342.0,205.11080441495287,201.04489
7343.0,201.1011659504544,198.918
7344.0,196.10013336011824,195.99423
7345.0,196.0120094378216,195.89064
7346.0,196.80512473849168,195.34618
7347.0,196.75004728705625,195.3037
7348.0,197.3999612139941,194.9633
7349.0,200.33008163035848,200.72092
7350.0,209.99066661213104,208.11899
7351.0,218.74798139036275,212.44661
7352.0,218.75899688064985,213.48021
7353.0,219.1555545309849,214.12457
7354.0,218.7369659000757,213.37819
7355.0,217.4812000073481,212.68051
7356.0,216.2034031340464,211.85191
7357.0,213.2071897759596,210.96555
7358.0,211.64299015519367,210.67276
7359.0,211.951423883232,210.03523
7360.0,213.86811919318464,208.97052
7361.0,214.01132056691668,208.92397
7362.0,212.66743075189248,208.98871
7363.0,210.5304256361981,208.51631
7364.0,208.1620952244752,208.19583
7365.0,205.5293930458621,203.42245
7366.0,199.59204378112383,198.52782
7367.0,196.3424741464341,196.5118
7368.0,192.9827496088735,195.99423
7369.0,192.9827496088735,195.89064
7370.0,193.26915235633768,195.34618
7371.0,193.14798196317977,195.3037
7372.0,193.3462607883473,194.9633
7373.0,195.69256021949613,200.72092
7374.0,201.9493587025598,208.11899
7375.0,207.0605461957668,212.44661
7376.0,207.90873894787225,213.48021
7377.0,209.8144187675377,214.12457
7378.0,210.65159602935609,213.37819
7379.0,210.244022888734,212.68051
7380.0,209.4288766074898,211.85191
7381.0,209.25262876289648,210.96555
7382.0,209.18653582117395,210.67276
7383.0,208.9441950348581,210.03523
7384.0,208.06295581189136,208.97052
7385.0,208.04092483131723,208.92397
7386.0,209.31872170461887,208.98871
7387.0,209.60512445208315,208.51631
7388.0,208.1510797341881,208.19583
7389.0,206.15727599222583,203.42245
7390.0,200.77070124184183,198.52782
7391.0,196.76106277734328,196.5118
7392.0,193.89703530270148,196.63014
7393.0,193.9521127541369,196.58984
7394.0,194.34867040447187,196.3614
7395.0,194.2715619724623,196.51855
7396.0,195.3070180594482,196.99371
7397.0,199.87844652858809,204.76855
7398.0,209.4288766074898,213.65218
7399.0,217.8557266771089,219.79166
7400.0,220.9841259186408,221.01472
7401.0,221.4908384718467,221.68149
7402.0,220.8519400351958,221.11893
7403.0,220.5324908168704,220.86516
7404.0,220.5655372877316,220.5566
7405.0,220.06984022481288,220.29013
7406.0,220.06984022481288,220.57217
7407.0,220.0367937539516,220.46556
7408.0,221.3586525884017,218.93016
7409.0,222.4822325976843,218.53183
7410.0,222.8567592674451,218.08472
7411.0,220.8629555254829,215.28006
7412.0,213.6808558583042,213.22177
7413.0,209.49496954921227,207.04115
7414.0,202.2467769403111,201.04489
7415.0,198.35830886897045,198.918
7416.0,195.4612349234674,196.63014
7417.0,195.64849825834784,196.58984
7418.0,196.18825728241487,196.3614
7419.0,196.04505590868283,196.51855
7420.0,196.97035709279788,196.99371
7421.0,200.30805064978432,204.76855
7422.0,210.8498748545236,213.65218
7423.0,219.5300812007457,219.79166
7424.0,221.7001327873013,221.01472
7425.0,222.0416129862009,221.68149
7426.0,221.2484976855308,221.11893
7427.0,220.6756921906025,220.86516
7428.0,220.13593316653527,220.5566
7429.0,219.6071896327553,220.29013
7430.0,219.19961649213323,220.57217
7431.0,219.8164839482099,220.46556
7432.0,221.16037376323416,218.93016
7433.0,221.0722498409375,218.53183
7434.0,220.6426457197412,218.08472
7435.0,218.1751758954344,215.28006
7436.0,214.19858390179712,213.22177
7437.0,210.07879053442767,207.04115
7438.0,202.8636443963878,201.04489
7439.0,199.09634671820507,198.918
7440.0,194.13937608901733,196.63014
7441.0,194.17242255987856,196.58984
7442.0,194.5799957005007,196.3614
7443.0,194.5359337393524,196.51855
7444.0,195.3951419817449,196.99371
7445.0,198.556587694138,204.76855
7446.0,208.54763738452303,213.65218
7447.0,216.2474650951948,219.79166
7448.0,218.38447021088905,221.01472
7449.0,219.10047707954948,221.68149
7450.0,218.47259413318568,221.11893
7451.0,217.82268020624767,220.86516
7452.0,217.4812000073481,220.5566
7453.0,216.6880847066781,220.29013
7454.0,216.401681959214,220.57217
7455.0,216.8423015706973,220.46556
7456.0,218.79204335151115,218.93016
7457.0,218.39548570117609,218.53183
7458.0,218.15314491486023,218.08472
7459.0,216.22543411462053,215.28006
7460.0,211.72009858720324,213.22177
7461.0,207.52319678782428,207.04115
7462.0,200.5834379069614,201.04489
7463.0,197.27879082083624,198.918
7464.0,196.44161355901784,196.63014
7465.0,196.63989238418537,196.58984
7466.0,197.0034035636592,196.3614
7467.0,197.0034035636592,196.51855
7468.0,197.8515963157646,196.99371
7469.0,201.0460884990189,204.76855
7470.0,211.35658740772948,213.65218
7471.0,219.8495304190712,219.79166
7472.0,221.6891172970142,221.01472
7473.0,221.45779200098545,221.68149
7474.0,220.6756921906025,221.11893
7475.0,220.7858470934733,220.86516
7476.0,220.2681190499804,220.5566
7477.0,219.65125159390368,220.29013
7478.0,219.59617414246827,220.57217
7479.0,220.3672584625641,220.46556
7480.0,221.7001327873013,218.93016
7481.0,223.08808456347387,218.53183
7482.0,224.024401237876,218.08472
7483.0,222.052628476488,215.28006
7484.0,215.89496940600804,213.22177
7485.0,211.09221564083947,207.04115
7486.0,202.885675376962,201.04489
7487.0,199.32767201423383,198.918
7488.0,198.1600300438029,196.63014
7489.0,198.1379990632288,196.58984
7490.0,198.3362778883963,196.3614
7491.0,198.43541730098005,196.51855
7492.0,199.17345515021464,196.99371
7493.0,202.2577924305982,204.76855
7494.0,213.24023624682084,213.65218
7495.0,221.57896239414336,219.79166
7496.0,223.7159675098376,221.01472
7497.0,223.6498745681152,221.68149
7498.0,222.8677747577321,221.11893
7499.0,223.04402260232555,220.86516
7500.0,222.845743777158,220.5566
7501.0,222.4932480879713,220.29013
7502.0,222.1627833793588,220.57217
7503.0,222.6144184811293,220.46556
7504.0,223.6829210389764,218.93016
7505.0,223.8151069224214,218.53183
7506.0,224.7624390871105,218.08472
7507.0,223.19823946634472,215.28006
7508.0,218.23025334686983,213.22177
7509.0,213.2842982079692,207.04115
7510.0,205.02268049265624,201.04489
7511.0,201.2003053630381,198.918
7512.0,195.96794747667323,195.99423
7513.0,195.94591649609907,195.89064
7514.0,196.58481493275,195.34618
7515.0,196.5517684618887,195.3037
7516.0,197.1355894471041,194.9633
7517.0,200.20891123720057,200.72092
7518.0,209.6161399423702,208.11899
7519.0,218.49462511375987,212.44661
7520.0,218.45056315261152,213.48021
7521.0,218.69290393892737,214.12457
7522.0,218.23025334686983,213.37819
7523.0,217.2608902016065,212.68051
7524.0,216.02715528945305,211.85191
7525.0,213.0419574216533,210.96555
7526.0,211.54385074260992,210.67276
7527.0,212.13868721811244,210.03523
7528.0,214.4078782172517,208.97052
7529.0,214.89255978988345,208.92397
7530.0,213.1741433050984,208.98871
7531.0,210.5855030876336,208.51631
7532.0,208.4595134622264,208.19583
7533.0,205.6395479487329,203.42245
7534.0,199.735245154856,198.52782
7535.0,196.62887689389828,196.5118
7536.0,192.96071862829933,195.99423
7537.0,192.99376509916056,195.89064
7538.0,193.1259509826056,195.34618
7539.0,192.90564117686392,195.3037
7540.0,193.2030594146152,194.9633
7541.0,195.75865316121863,200.72092
7542.0,201.8942812511244,208.11899
7543.0,206.73008148715425,212.44661
7544.0,207.67741365184344,213.48021
7545.0,209.62715543265728,214.12457
7546.0,210.4753481847628,213.37819
7547.0,210.2550383790211,212.68051
7548.0,209.57207798122187,211.85191
7549.0,209.3958301366285,210.96555
7550.0,209.46192307835105,210.67276
7551.0,209.2305977823223,210.03523
7552.0,208.7128697388293,208.97052
7553.0,209.1424738600256,208.92397
7554.0,209.7923877869636,208.98871
7555.0,209.24161327260936,208.51631
7556.0,207.9528009090205,208.19583
7557.0,205.77173383217792,203.42245
7558.0,200.46226751380345,198.52782
7559.0,196.72801630648203,196.5118
7560.0,193.7428184386823,196.63014
7561.0,193.8860198124144,196.58984
7562.0,194.227500011314,196.3614
7563.0,194.0182056958594,196.51855
7564.0,195.141785705142,196.99371
7565.0,199.88946201887512,204.76855
7566.0,208.9441950348581,213.65218
7567.0,217.5693239296448,219.79166
7568.0,220.59858375859287,221.01472
7569.0,221.16037376323416,221.68149
7570.0,220.4443668945737,221.11893
7571.0,220.2571035596933,220.86516
7572.0,220.46639787514783,220.5566
7573.0,220.01476277337744,220.29013
7574.0,220.06984022481288,220.57217
7575.0,220.224057088832,220.46556
7576.0,222.21786083079425,218.93016
7577.0,223.79307594184723,218.53183
7578.0,223.3855028012252,218.08472
7579.0,220.9070174866312,215.28006
7580.0,213.8901501737588,213.22177
7581.0,209.46192307835105,207.04115
7582.0,202.3128698820336,201.04489
7583.0,198.5345567135638,198.918
7584.0,195.3180335497353,196.63014
7585.0,195.5273278651899,196.58984
7586.0,195.9018545349508,196.3614
7587.0,195.6815447292091,196.51855
7588.0,196.6619233647596,196.99371
7589.0,200.31906614007136,204.76855
7590.0,210.5744875973465,213.65218
7591.0,219.4199262978749,219.79166
7592.0,221.40271454955,221.01472
7593.0,221.7001327873013,221.68149
7594.0,220.6756921906025,221.11893
7595.0,220.32319650141585,220.86516
7596.0,219.9707008122291,220.5566
7597.0,219.4750037493103,220.29013
7598.0,219.0784460989753,220.57217
7599.0,219.9486698316549,220.46556
7600.0,222.01958200562672,218.93016
7601.0,222.35004671423923,218.53183
7602.0,221.2044357243825,218.08472
7603.0,218.3624392303149,215.28006
7604.0,214.44092468811297,213.22177
7605.0,210.0567595538536,207.04115
7606.0,202.9187218478232,201.04489
7607.0,199.20650162107592,198.918
7608.0,193.9851592249981,196.63014
7609.0,194.1503915793044,196.58984
7610.0,194.44780981705568,196.3614
7611.0,194.2715619724623,196.51855
7612.0,195.22990962743864,196.99371
7613.0,198.6336961261476,204.76855
7614.0,208.3163120884944,213.65218
7615.0,216.25848058548183,219.79166
7616.0,218.34040824974068,221.01472
7617.0,219.11149256983657,221.68149
7618.0,218.3183772691665,221.11893
7619.0,217.62440138108025,220.86516
7620.0,217.37104510447728,220.5566
7621.0,216.5338678426589,220.29013
7622.0,216.36863548835265,220.57217
7623.0,216.89737902213267,220.46556
7624.0,219.38687982701367,218.93016
7625.0,219.29875590471696,218.53183
7626.0,218.4836096234728,218.08472
7627.0,216.1152792117497,215.28006
7628.0,211.79720701921283,213.22177
7629.0,207.28085600150845,207.04115
7630.0,200.70460830011933,201.04489
7631.0,197.56519356830043,198.918
7632.0,196.39755159786955,196.63014
7633.0,196.6068459133241,196.58984
7634.0,196.8602021899271,196.3614
7635.0,196.83817120935288,196.51855
7636.0,197.66433298088413,196.99371
7637.0,201.03507300873187,204.76855
7638.0,210.9710452476816,213.65218
7639.0,219.65125159390368,219.79166
7640.0,221.4467765106984,221.01472
7641.0,221.3916990592629,221.68149
7642.0,220.3782739528512,221.11893
7643.0,220.6426457197412,220.86516
7644.0,220.1799951276837,220.5566
7645.0,219.4089108075878,220.29013
7646.0,219.4970347298845,220.57217
7647.0,220.46639787514783,220.46556
7648.0,222.4381706365359,218.93016
7649.0,224.0684631990244,218.53183
7650.0,224.37689692706263,218.08472
7651.0,221.9645045541913,215.28006
7652.0,216.18137215347224,213.22177
7653.0,211.0371381894041,207.04115
7654.0,202.9517683186845,201.04489
7655.0,199.4598578976789,198.918
7656.0,198.2151074952384,196.63014
7657.0,198.2151074952384,196.58984
7658.0,198.3362778883963,196.3614
7659.0,198.35830886897045,196.51855
7660.0,199.09634671820507,196.99371
7661.0,202.4560712557657,204.76855
7662.0,212.9097715382083,213.65218
7663.0,221.31459062725327,219.79166
7664.0,223.4515957429476,221.01472
7665.0,223.62784358754087,221.68149
7666.0,222.59238750055508,221.11893
7667.0,222.8237127965838,220.86516
7668.0,222.72457338400008,220.5566
7669.0,222.2398918113684,220.29013
7670.0,221.93145808333009,220.57217
7671.0,222.5483255394068,220.46556
7672.0,224.18963359218225,218.93016
7673.0,224.64126869395267,218.53183
7674.0,224.9717334025652,218.08472
7675.0,223.05503809261265,215.28006
7676.0,218.5276715846211,213.22177
7677.0,213.1080503633758,207.04115
7678.0,204.95658755093373,201.04489
7679.0,201.3655377173444,198.918
7680.0,195.81373061265407,195.99423
7681.0,195.802715122367,195.89064
7682.0,196.2213037532761,195.34618
7683.0,196.17724179212783,195.3037
7684.0,196.67293885504665,194.9633
7685.0,200.01063241203303,200.72092
7686.0,208.9772415057193,208.11899
7687.0,218.05400550227648,212.44661
7688.0,217.96588157997985,213.48021
7689.0,217.9768970702669,214.12457
7690.0,217.44815353648687,213.37819
7691.0,216.93042549299395,212.68051
7692.0,215.8729384254339,211.85191
7693.0,212.8987560479212,210.96555
7694.0,211.44471133002617,210.67276
7695.0,212.53524486844745,210.03523
7696.0,215.23403998878305,208.97052
7697.0,216.10426372146264,208.92397
7698.0,213.92319664462005,208.98871
7699.0,210.772766422514,208.51631
7700.0,208.93317954457103,208.19583
7701.0,205.8708732447617,203.42245
7702.0,200.0987563343297,198.52782
7703.0,197.1466049373913,196.5118
7704.0,193.0157960797348,195.99423
7705.0,193.0598580408831,195.89064
7706.0,193.0929045117444,195.34618
7707.0,192.80650176428017,195.3037
7708.0,193.22509039518937,194.9633
7709.0,195.95693198638617,200.72092
7710.0,202.05951360543065,208.11899
7711.0,206.70805050658004,212.44661
7712.0,207.5892897295468,213.48021
7713.0,209.59410896179605,214.12457
7714.0,210.44230171390151,213.37819
7715.0,210.22199190815985,212.68051
7716.0,209.59410896179605,211.85191
7717.0,209.4729385686381,210.96555
7718.0,209.60512445208315,210.67276
7719.0,209.40684562691564,210.03523
7720.0,209.2636442531836,208.97052
7721.0,209.86949621897315,208.92397
7722.0,209.93558916069568,208.98871
7723.0,208.75693169997768,208.51631
7724.0,207.60030521983384,208.19583
7725.0,205.254005788685,203.42245
7726.0,199.999616921746,198.52782
7727.0,196.6068459133241,196.5118
7728.0,193.59961706495025,196.63014
7729.0,193.8199268706919,196.58984
7730.0,194.12836059873024,196.3614
7731.0,193.8199268706919,196.51855
7732.0,194.97655335083567,196.99371
7733.0,199.79032260629137,204.76855
7734.0,208.49255993308765,213.65218
7735.0,217.47018451706103,219.79166
7736.0,220.46639787514783,221.01472
7737.0,221.0171723895021,221.68149
7738.0,220.224057088832,221.11893
7739.0,220.0478092442387,220.86516
7740.0,220.4333514042866,220.5566
7741.0,219.93765434136785,220.29013
7742.0,220.05882473452576,220.57217
7743.0,220.4003049334254,220.46556
7744.0,222.9889451508901,218.93016
7745.0,224.5641602619431,218.53183
7746.0,223.58378162639264,218.08472
7747.0,220.89600199634413,215.28006
7748.0,214.0223360572038,213.22177
7749.0,209.4178611172027,207.04115
7750.0,202.4230247849044,201.04489
7751.0,198.7328355387313,198.918
7752.0,195.1968631565774,196.63014
7753.0,195.41717296231903,196.58984
7754.0,195.6815447292091,196.3614
7755.0,195.3951419817449,196.51855
7756.0,196.3755206172953,196.99371
7757.0,200.1758647663393,204.76855
7758.0,210.2770693595953,213.65218
7759.0,219.430941788162,219.79166
7760.0,221.3256061175404,221.01472
7761.0,221.57896239414336,221.68149
7762.0,220.32319650141585,221.11893
7763.0,220.1139021859612,220.86516
7764.0,219.90460787050657,220.5566
7765.0,219.38687982701367,220.29013
7766.0,219.0123531572528,220.57217
7767.0,220.1028866956741,220.46556
7768.0,222.8237127965838,218.93016
7769.0,223.08808456347387,218.53183
7770.0,221.4357610204113,218.08472
7771.0,218.45056315261152,215.28006
7772.0,214.573110571558,213.22177
7773.0,210.03472857327927,207.04115
7774.0,202.9848147895457,201.04489
7775.0,199.32767201423383,198.918
7776.0,193.8750043221273,196.63014
7777.0,194.09531412786905,196.58984
7778.0,194.3046084433236,196.3614
7779.0,194.0622676570077,196.51855
7780.0,195.04264629255823,196.99371
7781.0,198.54557220385087,204.76855
7782.0,208.02990934103016,213.65218
7783.0,216.3466045077785,219.79166
7784.0,218.4395476623245,221.01472
7785.0,219.2216474727074,221.68149
7786.0,218.252284327444,221.11893
7787.0,217.5032309879223,220.86516
7788.0,217.33799863361605,220.5566
7789.0,216.4237129397881,220.29013
7790.0,216.36863548835265,220.57217
7791.0,217.0185494152906,220.46556
7792.0,219.9707008122291,218.93016
7793.0,219.7944529676357,218.53183
7794.0,218.57173354576943,218.08472
7795.0,216.0051243088789,215.28006
7796.0,211.8082225094999,213.22177
7797.0,207.0825771763409,207.04115
7798.0,200.84780967385143,201.04489
7799.0,197.8295653351904,198.918
7800.0,196.33145865614705,196.63014
7801.0,196.5517684618887,196.58984
7802.0,196.73903179676915,196.3614
7803.0,196.6949698356208,196.51855
7804.0,197.4770696460037,196.99371
7805.0,200.913902615574,204.76855
7806.0,210.60753406820777,213.65218
7807.0,219.6292206133295,219.79166
7808.0,221.4137300398371,221.01472
7809.0,221.4467765106984,221.68149
7810.0,220.20202610825788,221.11893
7811.0,220.5655372877316,220.86516
7812.0,220.17999512768367,220.5566
7813.0,219.26570943385573,220.29013
7814.0,219.44195727844908,220.57217
7815.0,220.62061473916705,220.46556
7816.0,223.1321465246222,218.93016
7817.0,224.6192377133785,218.53183
7818.0,224.47603633964644,218.08472
7819.0,221.84333416103337,215.28006
7820.0,216.3466045077785,213.22177
7821.0,210.9710452476816,207.04115
7822.0,203.03989224098112,201.04489
7823.0,199.60305927141096,198.918
7824.0,198.2371384758125,196.63014
7825.0,198.2151074952384,196.58984
7826.0,198.30323141753507,196.3614
7827.0,198.2591694563867,196.51855
7828.0,198.9751763250472,196.99371
7829.0,202.44505576547863,204.76855
7830.0,212.5903223198829,213.65218
7831.0,221.2264667049567,219.79166
7832.0,223.3855028012252,221.01472
7833.0,223.7049520195505,221.68149
7834.0,222.4271551462488,221.11893
7835.0,222.71355789371304,220.86516
7836.0,222.69152691313883,220.5566
7837.0,222.04161298620087,220.29013
7838.0,221.79927219988505,220.57217
7839.0,222.581372010268,220.46556
7840.0,224.7404081065364,218.93016
7841.0,225.081888305436,218.53183
7842.0,224.9607179122781,218.08472
7843.0,222.93386769945468,215.28006
7844.0,218.6929039389274,213.22177
7845.0,213.00891095079209,207.04115
7846.0,204.96760304122083,201.04489
7847.0,201.5197545813636,198.918
7848.0,195.70357570978325,195.99423
7849.0,195.60443629719947,195.89064
7850.0,195.85779257380244,195.34618
7851.0,195.83576159322823,195.3037
7852.0,196.2433347338504,194.9633
7853.0,199.70219868399468,200.72092
7854.0,208.37138953992977,208.11899
7855.0,217.7015098130898,212.44661
7856.0,217.6023704005061,213.48021
7857.0,217.4261225559127,214.12457
7858.0,216.93042549299395,213.37819
7859.0,216.7651931386877,212.68051
7860.0,215.9610623477305,211.85191
7861.0,212.9207870284954,210.96555
7862.0,211.45572682031323,210.67276
7863.0,212.9428180090696,210.03523
7864.0,215.78481450313723,208.97052
7865.0,216.7762086289748,208.92397
7866.0,214.33076978524213,208.98871
7867.0,211.0591691699782,208.51631
7868.0,209.3407526851931,208.19583
7869.0,206.11321403107755,203.42245
7870.0,200.4953139846648,198.52782
7871.0,197.69737945174543,196.5118
7872.0,193.170012943754,195.99423
7873.0,193.2030594146152,195.89064
7874.0,193.1920439243281,195.34618
7875.0,192.8615792157156,195.3037
7876.0,193.31321431748603,194.9633
7877.0,196.19927277270205,200.72092
7878.0,202.27982341117232,208.11899
7879.0,206.8842983511734,212.44661
7880.0,207.60030521983384,213.48021
7881.0,209.6932483743798,214.12457
7882.0,210.5414411264853,213.37819
7883.0,210.2109764178728,212.68051
7884.0,209.5610624909348,211.85191
7885.0,209.46192307835105,210.96555
7886.0,209.6932483743798,210.67276
7887.0,209.5500470006477,210.03523
7888.0,209.7593413161023,208.97052
7889.0,210.244022888734,208.92397
7890.0,209.7923877869636,208.98871
7891.0,208.25021914677183,208.51631
7892.0,207.1707010986376,208.19583
7893.0,204.6701848034695,203.42245
7894.0,199.5589973102626,198.52782
7895.0,196.45262904930496,196.5118
7896.0,193.50047765236644,196.63014
7897.0,193.70977196782104,196.58984
7898.0,194.00719020557227,196.3614
7899.0,193.6546945163856,196.51855
7900.0,194.80030550624235,196.99371
7901.0,199.53696632968845,204.76855
7902.0,208.10701777303973,213.65218
7903.0,217.5693239296448,219.79166
7904.0,220.5324908168704,221.01472
7905.0,221.07224984093745,221.68149
7906.0,220.12491767624823,221.11893
7907.0,219.98171630251625,220.86516
7908.0,220.4443668945737,220.5566
7909.0,219.8715613996453,220.29013
7910.0,220.0367937539516,220.57217
7911.0,220.5765527780187,220.46556
7912.0,223.62784358754087,218.93016
7913.0,224.83954751912017,218.53183
7914.0,223.56175064581845,218.08472
7915.0,220.84092454490872,215.28006
7916.0,214.0884289989263,213.22177
7917.0,209.3958301366285,207.04115
7918.0,202.5331796877753,201.04489
7919.0,198.90908338332463,198.918
7920.0,195.0977237439936,196.63014
7921.0,195.3180335497353,196.58984
7922.0,195.5052968846157,196.3614
7923.0,195.1748321760032,196.51855
7924.0,196.1441953212666,196.99371
7925.0,199.9114929994493,204.76855
7926.0,209.9576201412698,213.65218
7927.0,219.57414316189403,219.79166
7928.0,221.4247455301242,221.01472
7929.0,221.62302435529168,221.68149
7930.0,220.1799951276837,221.11893
7931.0,220.01476277337744,220.86516
7932.0,219.94866983165497,220.5566
7933.0,219.33180237557823,220.29013
7934.0,219.0123531572528,220.57217
7935.0,220.27913454026745,220.46556
7936.0,223.4405802526605,218.93016
7937.0,223.35245633036385,218.53183
7938.0,221.4247455301242,218.08472
7939.0,218.4395476623245,215.28006
7940.0,214.59514155213213,213.22177
7941.0,210.0016821024182,207.04115
7942.0,203.03989224098112,201.04489
7943.0,199.4598578976789,198.918
7944.0,193.7318029483952,196.63014
7945.0,193.97414373471108,196.58984
7946.0,194.17242255987856,196.3614
7947.0,193.89703530270148,196.51855
7948.0,194.8223364868165,196.99371
7949.0,198.30323141753507,204.76855
7950.0,207.71046012270472,213.65218
7951.0,216.50082137179768,219.79166
7952.0,218.62681099720487,221.01472
7953.0,219.3538333561524,221.68149
7954.0,218.2743153080181,221.11893
7955.0,217.4812000073481,220.86516
7956.0,217.37104510447728,220.5566
7957.0,216.412697449501,220.29013
7958.0,216.401681959214,220.57217
7959.0,217.194797259884,220.46556
7960.0,220.48842885572205,218.93016
7961.0,219.95968532194203,218.53183
7962.0,218.50564060404696,218.08472
7963.0,215.92801587686927,215.28006
7964.0,211.78619152892577,213.22177
7965.0,206.9834377637572,207.04115
7966.0,200.95796457672228,201.04489
7967.0,197.9727667089225,198.918
7968.0,196.23231924356327,196.63014
7969.0,196.4305980687308,196.58984
7970.0,196.6178614036112,196.3614
7971.0,196.5627839521757,196.51855
7972.0,197.25675984026205,196.99371
7973.0,200.63851535839683,204.76855
7974.0,210.2550383790211,213.65218
7975.0,219.71734453562613,219.79166
7976.0,221.52388494270792,221.01472
7977.0,221.5569314135692,221.68149
7978.0,220.14694865682245,221.11893
7979.0,220.5435063071575,220.86516
7980.0,220.24608806940617,220.5566
7981.0,219.2216474727074,220.29013
7982.0,219.4860192395974,220.57217
7983.0,220.8078780740475,220.46556
7984.0,223.73799849041183,218.93016
7985.0,224.81751653854604,218.53183
7986.0,224.4099433979239,218.08472
7987.0,221.7662257290238,215.28006
7988.0,216.412697449501,213.22177
7989.0,210.93799877682028,207.04115
7990.0,203.150047143852,201.04489
7991.0,199.68016770342047,198.918
7992.0,198.1600300438029,196.63014
7993.0,198.1269835729417,196.58984
7994.0,198.22612298552545,196.3614
7995.0,198.17104553409004,196.51855
7996.0,198.7989284804538,196.99371
7997.0,202.2577924305982,204.76855
7998.0,212.27087310155744,213.65218
7999.0,221.2925596466792,219.79166
8000.0,223.49565770409595,221.01472
8001.0,223.8151069224214,221.68149
8002.0,222.3720776948134,221.11893
8003.0,222.6805114228517,220.86516
8004.0,222.70254240342592,220.5566
8005.0,221.9755200444784,220.29013
8006.0,221.788256709598,220.57217
8007.0,222.72457338400008,220.46556
8008.0,225.29118262089065,218.93016
8009.0,225.214074188881,218.53183
8010.0,224.8725939899814,218.08472
8011.0,222.845743777158,215.28006
8012.0,218.74798139036275,213.22177
8013.0,212.9428180090696,207.04115
8014.0,205.0116650023691,201.04489
8015.0,201.6188939939473,198.918
8016.0,195.5824053166253,195.99423
8017.0,195.35108002059656,195.89064
8018.0,195.5273278651899,195.34618
8019.0,195.5493588457641,195.3037
8020.0,195.87982355437657,194.9633
8021.0,199.36071848509508,200.72092
8022.0,207.87569247701097,208.11899
8023.0,217.5032309879223,212.44661
8024.0,217.3600296141902,213.48021
8025.0,217.06261137643887,214.12457
8026.0,216.65503823581685,213.37819
8027.0,216.65503823581685,212.68051
8028.0,216.18137215347224,211.85191
8029.0,213.09703487308872,210.96555
8030.0,211.554866232897,210.67276
8031.0,213.3173446788304,210.03523
8032.0,216.0932482311756,208.97052
8033.0,216.9634719638552,208.92397
8034.0,214.4849866492613,208.98871
8035.0,211.3565874077295,208.51631
8036.0,209.62715543265728,208.19583
8037.0,206.35555481739337,203.42245
8038.0,200.90288712528684,198.52782
8039.0,198.1820610243772,196.5118
8040.0,193.3572762786344,195.99423
8041.0,193.33524529806024,195.89064
8042.0,193.3572762786344,195.34618
8043.0,192.97173411858645,195.3037
8044.0,193.42336922035688,194.9633
8045.0,196.3865361075825,200.72092
8046.0,202.4340402751915,208.11899
8047.0,207.14867011806345,212.44661
8048.0,207.65538267126928,213.48021
8049.0,209.8584807286861,214.12457
8050.0,210.68464250021736,213.37819
8051.0,210.1779299470115,212.68051
8052.0,209.5170005297865,211.85191
8053.0,209.40684562691564,210.96555
8054.0,209.70426386466687,210.67276
8055.0,209.6381709229444,210.03523
8056.0,210.1008215150019,208.97052
8057.0,210.28808484988235,208.92397
8058.0,209.5059850394994,208.98871
8059.0,207.7985840450013,208.51631
8060.0,206.7190659968672,208.19583
8061.0,204.16347225026368,203.42245
8062.0,199.2395480919372,198.52782
8063.0,196.29841218528577,196.5118
8064.0,193.36829176892144,196.63014
8065.0,193.5886015746631,196.58984
8066.0,193.89703530270148,196.3614
8067.0,193.5114931426536,196.51855
8068.0,194.59101119078773,196.99371
8069.0,199.19548613078885,204.76855
8070.0,207.7765530644272,213.65218
8071.0,217.76760275481232,219.79166
8072.0,220.75280062261209,221.01472
8073.0,221.2044357243825,221.68149
8074.0,220.12491767624823,221.11893
8075.0,219.9707008122291,220.86516
8076.0,220.5104598362962,220.5566
8077.0,219.86054590935828,220.29013
8078.0,220.05882473452576,220.57217
8079.0,220.76381611289915,220.46556
8080.0,224.12354065045977,218.93016
8081.0,224.81751653854604,218.53183
8082.0,223.4515957429476,218.08472
8083.0,220.77483160318624,215.28006
8084.0,214.09944448921337,213.22177
8085.0,209.38481464634148,207.04115
8086.0,202.61028811978483,201.04489
8087.0,199.0082227959084,198.918
8088.0,195.00959982169687,196.63014
8089.0,195.1968631565774,196.58984
8090.0,195.3951419817449,196.3614
8091.0,195.0536617828453,196.51855
8092.0,195.96794747667323,196.99371
8093.0,199.57001280054968,204.76855
8094.0,209.6822328840927,213.65218
8095.0,219.78343747734863,219.79166
8096.0,221.65607082615293,221.01472
8097.0,221.79927219988505,221.68149
8098.0,220.1799951276837,221.11893
8099.0,219.99273179280328,220.86516
8100.0,220.0037472830904,220.5566
8101.0,219.33180237557823,220.29013
8102.0,219.0784460989753,220.57217
8103.0,220.4443668945737,220.46556
8104.0,223.92526182529224,218.93016
8105.0,223.3304253497897,218.53183
8106.0,221.30357513696623,218.08472
8107.0,218.38447021088905,215.28006
8108.0,214.573110571558,213.22177
8109.0,209.979651121844,207.04115
8110.0,203.1059851827036,201.04489
8111.0,199.57001280054968,198.918
8112.0,193.6216480455244,196.63014
8113.0,193.8199268706919,196.58984
8114.0,194.0622676570077,196.3614
8115.0,193.76484941925648,196.51855
8116.0,194.65710413251023,196.99371
8117.0,197.9947976894967,204.76855
8118.0,207.4240573752405,213.65218
8119.0,216.6991001969652,219.79166
8120.0,218.8801672738078,221.01472
8121.0,219.4860192395974,221.68149
8122.0,218.34040824974068,221.11893
8123.0,217.4812000073481,220.86516
8124.0,217.4261225559127,220.5566
8125.0,216.4567594106493,220.29013
8126.0,216.4787903912235,220.57217
8127.0,217.40409157533853,220.46556
8128.0,220.94006395749247,218.93016
8129.0,219.93765434136785,218.53183
8130.0,218.39548570117609,218.08472
8131.0,215.88395391572087,215.28006
8132.0,211.7311140774904,213.22177
8133.0,206.93937580260885,207.04115
8134.0,201.00202653787065,201.04489
8135.0,198.0498751409321,198.918
8136.0,196.10013336011824,196.63014
8137.0,196.32044316586,196.58984
8138.0,196.52973748131453,196.3614
8139.0,196.45262904930496,196.51855
8140.0,197.0364500345204,196.99371
8141.0,200.33008163035848,204.76855
8142.0,209.96863563155688,213.65218
8143.0,219.8385149287841,219.79166
8144.0,221.7331792581625,221.01472
8145.0,221.66708631644,221.68149
8146.0,220.14694865682245,221.11893
8147.0,220.5435063071575,220.86516
8148.0,220.3121810111287,220.5566
8149.0,219.25469394356867,220.29013
8150.0,219.5521121813199,220.57217
8151.0,221.0281878797892,220.46556
8152.0,224.24471104361768,218.93016
8153.0,224.83954751912017,218.53183
8154.0,224.32181947562725,218.08472
8155.0,221.7001327873013,215.28006
8156.0,216.4237129397881,213.22177
8157.0,210.9269832865332,207.04115
8158.0,203.21614008557447,201.04489
8159.0,199.70219868399468,198.918
8160.0,198.027844160358,196.63014
8161.0,198.00581317978376,196.58984
8162.0,198.1379990632288,196.3614
8163.0,198.0498751409321,196.51855
8164.0,198.61166514557337,196.99371
8165.0,201.971389683134,204.76855
8166.0,211.97345486380613,213.65218
8167.0,221.4467765106984,219.79166
8168.0,223.7049520195505,221.01472
8169.0,223.9472928058664,221.68149
8170.0,222.38309318510048,221.11893
8171.0,222.69152691313883,220.86516
8172.0,222.76863534514845,220.5566
8173.0,221.99755102505253,220.29013
8174.0,221.86536514160755,220.57217
8175.0,222.9448831897418,220.46556
8176.0,225.731802232374,218.93016
8177.0,225.19204320830687,218.53183
8178.0,224.7624390871106,218.08472
8179.0,222.8126973062968,215.28006
8180.0,218.7589968806499,213.22177
8181.0,212.9097715382083,207.04115
8182.0,205.07775794409164,201.04489
8183.0,201.6519404648085,198.918
8184.0,195.4832659040416,195.99423
8185.0,195.1087392342808,195.89064
8186.0,195.2409251177257,195.34618
8187.0,195.29600256916115,195.3037
8188.0,195.60443629719947,194.9633
8189.0,199.03025377648257,200.72092
8190.0,207.49015031696305,208.11899
8191.0,217.41510706562565,212.44661
8192.0,217.2168282404581,213.48021
8193.0,216.86433255127145,214.12457
8194.0,216.55589882323304,213.37819
8195.0,216.64402274552967,212.68051
8196.0,216.4567594106493,211.85191
8197.0,213.3393756594046,210.96555
8198.0,211.7311140774904,210.67276
8199.0,213.57070095543327,210.03523
8200.0,216.18137215347224,208.97052
8201.0,216.8423015706973,208.92397
8202.0,214.4960021395484,208.98871
8203.0,211.62095917461951,208.51631
8204.0,209.83644974811187,208.19583
8205.0,206.58688011342213,203.42245
8206.0,201.2553828144736,198.52782
8207.0,198.5786186747121,196.5118
8208.0,193.5335241232277,195.99423
8209.0,193.45641569121813,195.89064
8210.0,193.5225086329406,195.34618
8211.0,193.0929045117444,195.3037
8212.0,193.5114931426536,194.9633
8213.0,196.5077065007404,200.72092
8214.0,202.4891177266269,208.11899
8215.0,207.3799954140921,212.44661
8216.0,207.6994446324176,213.48021
8217.0,209.94660465098275,214.12457
8218.0,210.82784387394943,213.37819
8219.0,210.17792994701148,212.68051
8220.0,209.4729385686381,211.85191
8221.0,209.3627836657673,210.96555
8222.0,209.72629484524109,210.67276
8223.0,209.70426386466687,210.03523
8224.0,210.33214681103067,208.97052
8225.0,210.2109764178728,208.92397
8226.0,209.2746597434706,208.98871
8227.0,207.479134826676,208.51631
8228.0,206.37758579796755,208.19583
8229.0,203.79996107078992,203.42245
8230.0,199.1624396599276,198.52782
8231.0,196.2213037532761,196.5118
8232.0,193.2801678466248,196.63014
8233.0,193.4894621620793,196.58984
8234.0,193.7758649095436,196.3614
8235.0,193.4013382397827,196.51855
8236.0,194.4257788364815,196.99371
8237.0,198.9200988736117,204.76855
8238.0,207.54522776839843,213.65218
8239.0,217.9548660896928,219.79166
8240.0,220.9290484672054,221.01472
8241.0,221.3586525884017,221.68149
8242.0,220.1579641471095,221.11893
8243.0,219.9707008122291,220.86516
8244.0,220.58756826830577,220.5566
8245.0,219.8385149287841,220.29013
8246.0,220.1139021859612,220.57217
8247.0,220.94006395749247,220.46556
8248.0,224.4870518299336,218.93016
8249.0,224.72939261624933,218.53183
8250.0,223.3414408400768,218.08472
8251.0,220.730769642038,215.28006
8252.0,214.11045997950043,213.22177
8253.0,209.3958301366285,207.04115
8254.0,202.69841204208151,201.04489
8255.0,199.10736220849216,198.918
8256.0,194.97655335083567,196.63014
8257.0,195.141785705142,196.58984
8258.0,195.3290490400224,196.3614
8259.0,195.020615311984,196.51855
8260.0,195.85779257380244,196.99371
8261.0,199.32767201423383,204.76855
8262.0,209.4398920977769,213.65218
8263.0,219.9707008122291,219.79166
8264.0,221.8323186707463,221.01472
8265.0,221.94247357361712,221.68149
8266.0,220.1799951276837,221.11893
8267.0,219.99273179280328,220.86516
8268.0,220.0367937539516,220.5566
8269.0,219.3207868852912,220.29013
8270.0,219.12250806012364,220.57217
8271.0,220.5545217974445,220.46556
8272.0,224.24471104361768,218.93016
8273.0,223.1872239760576,218.53183
8274.0,221.16037376323416,218.08472
8275.0,218.3293927594536,215.28006
8276.0,214.5620950812709,213.22177
8277.0,210.0016821024182,207.04115
8278.0,203.1280161632777,201.04489
8279.0,199.68016770342047,198.918
8280.0,193.5996170649502,196.63014
8281.0,193.7538339289694,196.58984
8282.0,194.0182056958594,196.3614
8283.0,193.7428184386823,196.51855
8284.0,194.5799957005007,196.99371
8285.0,197.8185498449033,204.76855
8286.0,207.28085600150845,213.65218
8287.0,216.91941000270683,219.79166
8288.0,219.1555545309849,221.01472
8289.0,219.65125159390368,221.68149
8290.0,218.42853217203736,221.11893
8291.0,217.54729294907065,220.86516
8292.0,217.4812000073481,220.5566
8293.0,216.50082137179768,220.29013
8294.0,216.5338678426589,220.57217
8295.0,217.51424647820937,220.46556
8296.0,221.18240474380832,218.93016
8297.0,219.7393755162004,218.53183
8298.0,218.1751758954344,218.08472
8299.0,215.6966905808405,215.28006
8300.0,211.56588172318408,213.22177
8301.0,206.8842983511734,207.04115
8302.0,200.9910110475835,201.04489
8303.0,198.08292161179327,198.918
8304.0,195.98997845724745,196.63014
8305.0,196.2213037532761,196.58984
8306.0,196.45262904930496,196.3614
8307.0,196.36450512700827,196.51855
8308.0,196.90426415107527,196.99371
8309.0,200.1538337857652,204.76855
8310.0,209.7703568063894,213.65218
8311.0,219.95968532194203,219.79166
8312.0,221.87638063189465,221.01472
8313.0,221.7441947484496,221.68149
8314.0,220.1799951276837,221.11893
8315.0,220.5545217974445,220.86516
8316.0,220.35624297227704,220.5566
8317.0,219.29875590471696,220.29013
8318.0,219.6292206133295,220.57217
8319.0,221.16037376323416,220.46556
8320.0,224.5200983007948,218.93016
8321.0,224.79548555797183,218.53183
8322.0,224.24471104361768,218.08472
8323.0,221.6891172970142,215.28006
8324.0,216.401681959214,213.22177
8325.0,210.93799877682028,207.04115
8326.0,203.2602020467228,201.04489
8327.0,199.7572761354301,198.918
8328.0,197.9287047477742,196.63014
8329.0,197.89565827691297,196.58984
8330.0,198.08292161179327,196.3614
8331.0,197.9837821992096,196.51855
8332.0,198.4684637718413,196.99371
8333.0,201.7731108579665,204.76855
8334.0,211.7531450580645,213.65218
8335.0,221.58997788443045,219.79166
8336.0,223.8591688835697,221.01472
8337.0,224.0464322184501,221.68149
8338.0,222.3941086753876,221.11893
8339.0,222.72457338400008,220.86516
8340.0,222.80168181600965,220.5566
8341.0,222.03059749591367,220.29013
8342.0,221.94247357361712,220.57217
8343.0,223.07706907318675,220.46556
8344.0,225.97414301868983,218.93016
8345.0,225.081888305436,218.53183
8346.0,224.67431516481392,218.08472
8347.0,222.8126973062968,215.28006
8348.0,218.74798139036275,213.22177
8349.0,212.8987560479212,207.04115
8350.0,205.11080441495287,201.04489
8351.0,201.707017916244,198.918
8352.0,195.3951419817449,195.99423
8353.0,194.93249138968736,195.89064
8354.0,195.0316308022711,195.34618
8355.0,195.1197547245678,195.3037
8356.0,195.4281884526061,194.9633
8357.0,198.75486651930547,200.72092
8358.0,207.23679404036008,208.11899
8359.0,217.3820605947644,212.44661
8360.0,217.1176888278744,213.48021
8361.0,216.73214666782644,214.12457
8362.0,216.56691431352016,213.37819
8363.0,216.7211311775393,212.68051
8364.0,216.7211311775393,211.85191
8365.0,213.515623503998,210.96555
8366.0,211.8743154512224,210.67276
8367.0,213.7249178194525,210.03523
8368.0,216.1152792117497,208.97052
8369.0,216.64402274552967,208.92397
8370.0,214.44092468811297,208.98871
8371.0,211.819237999787,208.51631
8372.0,209.99066661213104,208.19583
8373.0,206.79617442887672,203.42245
8374.0,201.49772360078936,198.52782
8375.0,198.8760369124634,196.5118
8376.0,193.6767254969598,195.99423
8377.0,193.56657059408897,195.89064
8378.0,193.6216480455244,195.34618
8379.0,193.15899745346687,195.3037
8380.0,193.5886015746631,194.9633
8381.0,196.5627839521757,200.72092
8382.0,202.4560712557657,208.11899
8383.0,207.5011658072501,212.44661
8384.0,207.72147561299167,213.48021
8385.0,209.99066661213104,214.12457
8386.0,210.90495230595903,213.37819
8387.0,210.18894543729857,212.68051
8388.0,209.46192307835105,211.85191
8389.0,209.3407526851931,210.96555
8390.0,209.72629484524109,210.67276
8391.0,209.72629484524109,210.03523
8392.0,210.4643326944757,208.97052
8393.0,210.1338679858632,208.92397
8394.0,209.0984118988773,208.98871
8395.0,207.3028869820826,208.51631
8396.0,206.12422952136464,208.19583
8397.0,203.5686357747612,203.42245
8398.0,199.1624396599276,198.52782
8399.0,196.2102882629891,196.5118
8400.0,193.25813686605065,196.63014
8401.0,193.42336922035688,196.58984
8402.0,193.698756477534,196.3614
8403.0,193.3572762786344,196.51855
8404.0,194.3046084433236,196.99371
8405.0,198.77689749987965,204.76855
8406.0,207.44608835581468,213.65218
8407.0,218.0650209925636,219.79166
8408.0,221.0502188603633,221.01472
8409.0,221.4247455301242,221.68149
8410.0,220.1910106179708,221.11893
8411.0,220.0037472830904,220.86516
8412.0,220.62061473916705,220.5566
8413.0,219.80546845792284,220.29013
8414.0,220.12491767624823,220.57217
8415.0,221.0171723895021,220.46556
8416.0,224.66329967452683,218.93016
8417.0,224.6302532036656,218.53183
8418.0,223.2863633886413,218.08472
8419.0,220.7197541517508,215.28006
8420.0,214.12147546978755,213.22177
8421.0,209.40684562691564,207.04115
8422.0,202.7755204740911,201.04489
8423.0,199.1954861307888,198.918
8424.0,194.9875688411228,196.63014
8425.0,195.1307702148549,196.58984
8426.0,195.3290490400224,196.3614
8427.0,195.0316308022711,196.51855
8428.0,195.83576159322823,196.99371
8429.0,199.20650162107592,204.76855
8430.0,209.3517681754802,213.65218
8431.0,220.091871205387,219.79166
8432.0,221.92044259304296,221.01472
8433.0,222.01958200562672,221.68149
8434.0,220.1799951276837,221.11893
8435.0,220.0037472830904,220.86516
8436.0,220.06984022481288,220.5566
8437.0,219.29875590471696,220.29013
8438.0,219.1335235504108,220.57217
8439.0,220.5545217974445,220.46556
8440.0,224.32181947562725,218.93016
8441.0,223.04402260232555,218.53183
8442.0,221.03920337007625,218.08472
8443.0,218.2963462885924,215.28006
8444.0,214.573110571558,213.22177
8445.0,210.02371308299232,207.04115
8446.0,203.1390316535649,201.04489
8447.0,199.7572761354301,198.918
8448.0,193.7318029483952,196.63014
8449.0,193.8199268706919,196.58984
8450.0,194.0622676570077,196.3614
8451.0,193.78688039983064,196.51855
8452.0,194.624057661649,196.99371
8453.0,197.9176892574871,204.76855
8454.0,207.3689799238051,213.65218
8455.0,217.2278437307452,219.79166
8456.0,219.46398825902324,221.01472
8457.0,219.8385149287841,221.68149
8458.0,218.58274903605653,221.11893
8459.0,217.723540793664,220.86516
8460.0,217.51424647820937,220.5566
8461.0,216.51183686208475,220.29013
8462.0,216.4787903912235,220.57217
8463.0,217.51424647820937,220.46556
8464.0,221.0502188603633,218.93016
8465.0,219.3978953173008,218.53183
8466.0,217.8557266771089,218.08472
8467.0,215.33317940136675,215.28006
8468.0,211.24643250485863,213.22177
8469.0,206.76312795801547,207.04115
8470.0,200.89187163499977,201.04489
8471.0,198.11596808265463,198.918
8472.0,195.5934208069124,196.63014
8473.0,195.7476376709316,196.58984
8474.0,195.96794747667323,196.3614
8475.0,195.83576159322823,196.51855
8476.0,196.3424741464341,196.99371
8477.0,199.5589973102626,204.76855
8478.0,208.49255993308765,213.65218
8479.0,217.9768970702669,219.79166
8480.0,219.5521121813199,221.01472
8481.0,219.80546845792284,221.68149
8482.0,218.64884197777903,221.11893
8483.0,218.8250898223724,220.86516
8484.0,218.54970256519528,220.5566
8485.0,217.6464323616544,220.29013
8486.0,217.96588157997985,220.57217
8487.0,219.22164747270736,220.46556
8488.0,222.18481435993297,218.93016
8489.0,222.2729382822297,218.53183
8490.0,221.6891172970142,218.08472
8491.0,219.25469394356867,215.28006
8492.0,214.68326547442885,213.22177
8493.0,209.6822328840927,207.04115
8494.0,202.5992726294978,201.04489
8495.0,199.2505635822243,198.918
8496.0,197.24574434997496,196.63014
8497.0,197.1466049373913,196.58984
8498.0,197.3228527819845,196.3614
8499.0,197.17965140825248,196.51855
8500.0,197.63128651002293,196.99371
8501.0,200.8918716349997,204.76855
8502.0,210.1558989664373,213.65218
8503.0,219.3428178658653,219.79166
8504.0,221.23748219524376,221.01472
8505.0,221.7662257290237,221.68149
8506.0,220.4994443460091,221.11893
8507.0,220.6646767003154,220.86516
8508.0,220.62061473916705,220.5566
8509.0,219.9266388510808,220.29013
8510.0,219.90460787050657,220.57217
8511.0,220.82990905462165,220.46556
8512.0,223.3414408400768,218.93016
8513.0,222.49324808797127,218.53183
8514.0,222.0416129862009,218.08472
8515.0,220.1910106179708,215.28006
8516.0,216.64402274552967,213.22177
8517.0,211.3125254465812,207.04115
8518.0,204.14144126968952,201.04489
8519.0,200.82577869327727,198.918
8520.0,195.3951419817449,195.99423
8521.0,194.87741393825192,195.89064
8522.0,194.86639844796483,195.34618
8523.0,195.00959982169687,195.3037
8524.0,195.3180335497353,194.9633
8525.0,198.61166514557337,200.72092
8526.0,207.14867011806345,208.11899
8527.0,217.33799863361605,212.44661
8528.0,217.07362686672604,213.48021
8529.0,216.71011568725223,214.12457
8530.0,216.6991001969652,213.37819
8531.0,216.89737902213267,212.68051
8532.0,216.93042549299395,211.85191
8533.0,213.6808558583042,210.96555
8534.0,211.9404083929449,210.67276
8535.0,213.7028868388784,210.03523
8536.0,215.77379901285013,208.97052
8537.0,216.37965097863977,208.92397
8538.0,214.3858472366776,208.98871
8539.0,211.9404083929449,208.51631
8540.0,210.111837005289,208.19583
8541.0,206.91734482203464,203.42245
8542.0,201.6299094842344,198.52782
8543.0,199.0743157376309,196.5118
8544.0,193.7758649095436,195.99423
8545.0,193.6106325552373,195.89064
8546.0,193.6546945163856,195.34618
8547.0,193.181028434041,195.3037
8548.0,193.6106325552373,194.9633
8549.0,196.6178614036112,200.72092
8550.0,202.4560712557657,208.11899
8551.0,207.60030521983384,212.44661
8552.0,207.75452208385303,213.48021
8553.0,210.02371308299232,214.12457
8554.0,210.9159677962461,213.37819
8555.0,210.18894543729857,212.68051
8556.0,209.46192307835105,211.85191
8557.0,209.3407526851932,210.96555
8558.0,209.6932483743798,210.67276
8559.0,209.66020190351853,210.03523
8560.0,210.4533172041885,208.97052
8561.0,210.0898060247148,208.92397
8562.0,209.06536542801604,208.98871
8563.0,207.21476305978595,208.51631
8564.0,206.01407461849377,208.19583
8565.0,203.4474653816032,203.42245
8566.0,199.1514241696405,198.52782
8567.0,196.23231924356327,196.5118
8568.0,193.5225086329406,196.63014
8569.0,193.55555510380188,196.58984
8570.0,193.70977196782104,196.3614
8571.0,193.3242298077731,196.51855
8572.0,194.11734510844315,196.99371
8573.0,198.2151074952384,204.76855
8574.0,205.89290422533583,213.65218
8575.0,214.6502190035676,219.79166
8576.0,216.5889452940944,221.01472
8577.0,217.61338589079315,221.68149
8578.0,217.0956578473002,221.11893
8579.0,216.7651931386877,220.86516
8580.0,216.89737902213267,220.5566
8581.0,216.3025425466301,220.29013
8582.0,216.56691431352016,220.57217
8583.0,217.10667333758727,220.46556
8584.0,219.67328257447784,218.93016
8585.0,219.65125159390368,218.53183
8586.0,218.516656094334,218.08472
8587.0,216.22543411462053,215.28006
8588.0,211.44471133002617,213.22177
8589.0,207.44608835581468,207.04115
8590.0,201.57483203279887,201.04489
8591.0,198.29221592724795,198.918
8592.0,193.8750043221273,195.99423
8593.0,193.6436790260985,195.89064
8594.0,193.6436790260985,195.34618
8595.0,193.1920439243281,195.3037
8596.0,193.6436790260985,194.9633
8597.0,196.6949698356208,200.72092
8598.0,202.5221641974882,208.11899
8599.0,207.68842914213056,212.44661
8600.0,207.78756855471428,213.48021
8601.0,209.99066661213104,214.12457
8602.0,210.83885936423653,213.37819
8603.0,210.1779299470115,212.68051
8604.0,209.5059850394994,211.85191
8605.0,209.3517681754802,210.96555
8606.0,209.6381709229444,210.67276
8607.0,209.5170005297865,210.03523
8608.0,210.2660538693082,208.97052
8609.0,210.0677750441407,208.92397
8610.0,209.12044287945145,208.98871
8611.0,207.2478095306472,208.51631
8612.0,206.01407461849377,208.19583
8613.0,203.4474653816032,203.42245
8614.0,199.11837769877928,198.52782
8615.0,196.2653657144245,196.5118
8616.0,193.8750043221273,195.99423
8617.0,193.6436790260985,195.89064
8618.0,193.6436790260985,195.34618
8619.0,193.1920439243281,195.3037
8620.0,193.6436790260985,194.9633
8621.0,196.6949698356208,200.72092
8622.0,202.5221641974882,208.11899
8623.0,207.68842914213056,212.44661
8624.0,207.78756855471428,213.48021
8625.0,209.99066661213104,214.12457
8626.0,210.83885936423653,213.37819
8627.0,210.1779299470115,212.68051
8628.0,209.5059850394994,211.85191
8629.0,209.3517681754802,210.96555
8630.0,209.6381709229444,210.67276
8631.0,209.5170005297865,210.03523
8632.0,210.2660538693082,208.97052
8633.0,210.0677750441407,208.92397
8634.0,209.12044287945145,208.98871
8635.0,207.2478095306472,208.51631
8636.0,206.01407461849377,208.19583
8637.0,203.4474653816032,203.42245
8638.0,199.11837769877928,198.52782
8639.0,196.463644539592,196.5118
8640.0,195.56037433605115,196.63014
8641.0,195.69256021949613,196.58984
8642.0,195.9018545349508,196.3614
8643.0,195.7806841417928,196.51855
8644.0,196.32044316586,196.99371
8645.0,199.614074761698,204.76855
8646.0,208.36037404964264,213.65218
8647.0,217.62440138108025,219.79166
8648.0,219.0564151184012,221.01472
8649.0,219.3978953173008,221.68149
8650.0,218.34040824974068,221.11893
8651.0,218.516656094334,220.86516
8652.0,218.16416040514736,220.5566
8653.0,217.27190569189355,220.29013
8654.0,217.59135491021897,220.57217
8655.0,218.7369659000757,220.46556
8656.0,221.4247455301242,218.93016
8657.0,221.64505533586583,218.53183
8658.0,221.11631180208585,218.08472
8659.0,218.72595040978865,215.28006
8660.0,214.3528007658163,213.22177
8661.0,209.4288766074898,207.04115
8662.0,202.4670867460528,201.04489
8663.0,199.26157907251127,198.918
8664.0,197.17965140825248,196.63014
8665.0,197.0584810150945,196.58984
8666.0,197.21269787911373,196.3614
8667.0,197.1025429762429,196.51855
8668.0,197.52113160715209,196.99371
8669.0,200.89187163499977,204.76855
8670.0,209.96863563155688,213.65218
8671.0,218.94626021553032,219.79166
8672.0,220.6646767003154,221.01472
8673.0,221.28154415639207,221.68149
8674.0,220.1139021859612,221.11893
8675.0,220.27913454026745,220.86516
8676.0,220.13593316653527,220.5566
8677.0,219.46398825902324,220.29013
8678.0,219.4419572784491,220.57217
8679.0,220.2571035596933,220.46556
8680.0,222.4712171073972,218.93016
8681.0,221.8213031804592,218.53183
8682.0,221.4247455301242,218.08472
8683.0,219.65125159390368,215.28006
8684.0,216.2474650951948,213.22177
8685.0,210.9930762282557,207.04115
8686.0,203.9651934250961,201.04489
8687.0,200.7596857515548,198.918
8688.0,195.4832659040416,195.99423
8689.0,194.93249138968736,195.89064
8690.0,194.7892900159553,195.34618
8691.0,194.93249138968736,195.3037
8692.0,195.2409251177257,194.9633
8693.0,198.54557220385087,200.72092
8694.0,207.18171658892467,208.11899
8695.0,217.32698314332896,212.44661
8696.0,217.05159588615183,213.48021
8697.0,216.7431621581136,214.12457
8698.0,216.90839451241976,213.37819
8699.0,217.17276627930977,212.68051
8700.0,217.15073529873564,211.85191
8701.0,213.8240572320363,210.96555
8702.0,211.98447035409328,210.67276
8703.0,213.4605460525625,210.03523
8704.0,215.1679470470605,208.97052
8705.0,216.0712172506014,208.92397
8706.0,214.308738804668,208.98871
8707.0,212.0065013346674,208.51631
8708.0,210.2109764178728,208.19583
8709.0,207.0164842346184,203.42245
8710.0,201.66295595509564,198.52782
8711.0,199.18447064050176,196.5118
8712.0,193.97414373471108,195.99423
8713.0,193.67672549695985,195.89064
8714.0,193.63266353581147,195.34618
8715.0,193.181028434041,195.3037
8716.0,193.6436790260985,194.9633
8717.0,196.78309375791744,200.72092
8718.0,202.58825713921067,208.11899
8719.0,207.78756855471428,212.44661
8720.0,207.80959953528847,213.48021
8721.0,209.94660465098275,214.12457
8722.0,210.76175093222696,213.37819
8723.0,210.1779299470115,212.68051
8724.0,209.52801602007355,211.85191
8725.0,209.3737991560544,210.96555
8726.0,209.5610624909348,210.67276
8727.0,209.3958301366285,210.03523
8728.0,210.07879053442767,208.97052
8729.0,210.0457440635665,208.92397
8730.0,209.18653582117395,208.98871
8731.0,207.26984051122133,208.51631
8732.0,205.99204363791964,208.19583
8733.0,203.4584808718903,203.42245
8734.0,199.0963467182051,198.52782
8735.0,196.32044316586,196.5118
8736.0,194.0402366764336,196.63014
8737.0,194.0402366764336,196.58984
8738.0,194.1503915793044,196.3614
8739.0,193.9961747152852,196.51855
8740.0,194.888429428539,196.99371
8741.0,199.11837769877928,204.76855
8742.0,208.1951416953364,213.65218
8743.0,217.93283510911857,219.79166
8744.0,220.1139021859612,221.01472
8745.0,220.59858375859287,221.68149
8746.0,219.4199262978749,221.11893
8747.0,218.86915178352075,220.86516
8748.0,218.5276715846211,220.5566
8749.0,217.51424647820937,220.29013
8750.0,217.33799863361605,220.57217
8751.0,218.16416040514736,220.46556
8752.0,220.9731104283537,218.93016
8753.0,220.4003049334254,218.53183
8754.0,219.1335235504108,218.08472
8755.0,216.48980588151056,215.28006
8756.0,211.819237999787,213.22177
8757.0,207.41304188495343,207.04115
8758.0,201.3545222270573,201.04489
8759.0,198.77689749987965,198.918
